,region,ode_name,num,epochs,latent_dim,2015 7,2015 14,2015 21,2015 28,2016 7,2016 14,2016 21,2016 28,2017 7,2017 14,2017 21,2017 28,2018 7,2018 14,2018 21,2018 28,skill 2015 7,skill 2015 14,skill 2015 21,skill 2015 28,skill 2016 7,skill 2016 14,skill 2016 21,skill 2016 28,skill 2018 7,skill 2018 14,skill 2018 21,skill 2018 28,skill 2017 7,skill 2017 14,skill 2017 21,skill 2017 28
1,US,CONN,10,120,8,0.159336223,-0.13864399,0.004551953,0.479690908,0.875795271,1.068386495,1.823087168,3.050724702,5.793826264,5.205254507,5.21870731,5.470467072,2.4387794,2.314241641,2.574070061,3.081605188,,,,,,,,,,,,,,,,
19,US,CONN,11,120,8,-0.01084879,-0.047222829,0.076480381,0.297773869,1.251055419,1.187825495,1.3328951,1.5669236,2.310761585,2.530929932,3.157924169,4.392359654,0.154481268,0.248877024,0.520173954,0.936540333,,,,,,,,,,,,,,,,
37,US,CONN,12,120,8,0.529155789,0.525798709,0.549687366,0.600532801,0.593200604,0.78326721,1.282118637,1.793512823,2.102682437,2.111201376,2.552179257,3.443652657,0.348581273,0.303434383,0.454640357,0.75122156,,,,,,,,,,,,,,,,
55,US,CONN,13,120,8,82.11019136,82.86917602,83.35191755,84.22733888,1.968583491,2.770233433,3.570647965,4.162874427,0.899395003,1.001834193,1.747906,3.490765341,-0.100272629,0.34860255,0.847931884,1.462279447,,,,,,,,,,,,,,,,
73,US,CONN,14,120,8,0.389438273,0.154255986,0.174450021,0.422189971,1.288315932,1.424345207,1.728102737,2.082903107,20.30386789,20.92350588,22.26923484,24.21918704,0.004907294,0.310960564,0.580408702,0.866216438,,,,,,,,,,,,,,,,
5,US,CONNb,10,120,8,259.6790584,380.2377541,551.7252565,795.2250792,1.27997091,1.932119737,3.516390672,6.041324212,1.274827524,1.145234223,1.523372774,2.286310444,0.082611167,0.054034646,0.471252057,1.245705383,,,,,,,,,,,,,,,,
22,US,CONNb,11,120,8,0.524538646,0.196987548,0.109095221,0.539142168,8.96701177,9.38508242,10.00964457,10.81817075,2.147953208,1.788069364,2.140687727,3.190562245,0.379409895,0.344071195,0.579237094,0.994645898,,,,,,,,,,,,,,,,
40,US,CONNb,12,120,8,0.195683006,0.153371705,0.295905141,0.496896674,0.386419006,0.499245986,0.728365323,1.03047025,1.425706713,1.580240782,2.064605956,2.68963521,0.153244592,0.448488699,0.769645435,1.085905324,,,,,,,,,,,,,,,,
58,US,CONNb,13,120,8,0.074115371,-0.208290451,-0.02727974,0.420818882,1.824630616,3.996659965,6.376504327,7.550961956,1.227791308,1.303477211,1.865930337,3.140184364,0.20239171,0.233050453,0.507108881,1.070388592,,,,,,,,,,,,,,,,
76,US,CONNb,14,120,8,0.250697507,0.020629749,0.160421356,0.608467679,0.72931156,0.767370411,0.967477014,1.290535992,5.675883581,5.533915636,6.30123801,7.752209504,0.237262289,0.256101445,0.489734547,0.850528908,,,,,,,,,,,,,,,,
2,US,SONN,10,120,8,0.809070059,0.801961993,0.711330158,0.637385915,0.564767044,0.588247854,0.672732989,0.777985456,1.095985747,1.192831731,1.434896746,1.814880152,1.087049081,1.205083759,1.324115711,1.41856764,,,,,,,,,,,,,,,,
18,US,SONN,11,120,8,2.020035539,1.994105637,1.987556734,1.985540831,4.522829764,6.76637871,7.658733538,7.387347116,1.249427604,1.295756952,1.614270798,2.040346688,-0.118613927,0.059123605,0.494001636,1.33565789,,,,,,,,,,,,,,,,
36,US,SONN,12,120,8,0.442207939,0.31732876,0.391600826,0.500208291,1.305779728,1.336816666,1.106142635,0.985886327,0.790949764,0.898369359,1.147762913,1.649216916,0.270027905,0.465166363,0.806973804,1.196392445,,,,,,,,,,,,,,,,
54,US,SONN,13,120,8,0.119584878,0.102518097,0.17304383,0.304534364,-0.45495497,0.008633628,0.504588797,0.877661565,48.69259222,51.82975809,51.59386212,51.43651888,0.409901719,0.359379818,0.563782466,0.901018851,,,,,,,,,,,,,,,,
72,US,SONN,14,120,8,1.518629427,1.836322219,2.162769843,1.78371177,0.848927323,0.876797909,0.943934014,1.0273171,2.932675236,2.389850697,1.912253233,1.287504219,0.108983527,0.263809955,0.645752893,1.040109809,,,,,,,,,,,,,,,,
3,US,SONNb,10,120,8,1.009904232,0.999572102,1.027301364,1.052426526,0.751728629,1.399402379,1.927848052,1.986987572,0.368099273,0.729983086,1.335461623,1.935753841,0.066756667,0.198554014,0.690540446,1.43667489,,,,,,,,,,,,,,,,
20,US,SONNb,11,120,8,-0.007908386,0.06307857,0.250954431,0.439957231,1.61096408,2.840818027,3.167825652,3.025950102,3.484090613,3.613923923,4.414555091,5.799320766,0.625545379,0.605412066,0.70450126,0.823246537,,,,,,,,,,,,,,,,
38,US,SONNb,12,120,8,1.007100062,1.007707615,1.022722287,1.042560997,0.290035785,0.472730709,1.22197078,2.094426227,1.120965335,1.28000221,1.831889528,2.729775609,0.143138968,0.568086769,1.038794623,1.404927142,,,,,,,,,,,,,,,,
56,US,SONNb,13,120,8,0.314500138,0.181444704,0.387058696,0.663973413,0.458550698,0.863559356,1.62692699,2.395043228,5.837559772,6.762544438,6.408063229,6.842060616,0.052430277,0.171487109,0.438041751,0.67564266,,,,,,,,,,,,,,,,
74,US,SONNb,14,120,8,0.259821351,0.265476819,0.340895833,0.473225065,0.507339663,0.551039858,0.85425858,1.233780094,1.761975071,1.625823698,1.773575602,2.330007847,0.668058654,0.737647058,0.805138818,0.908081606,,,,,,,,,,,,,,,,
4,US,UONN,10,120,8,0.298402772,0.016575763,-0.009499903,0.153720331,2.738280735,2.868711857,3.090108856,3.363537943,1.374398753,1.100938698,1.121511232,1.516361116,0.115498894,0.616767583,1.153167673,1.672041564,,,,,,,,,,,,,,,,
21,US,UONN,11,120,8,0.799350784,0.774155145,0.774335782,0.794767561,7.355003029,8.422205545,9.168773981,9.64402026,1.446770841,1.528753897,2.120014258,3.483709254,2.712344407,2.36425223,2.19365255,2.109081294,,,,,,,,,,,,,,,,
39,US,UONN,12,120,8,0.498838337,0.476391649,0.497057711,0.553065276,0.033617303,0.087995145,0.541345673,1.163889356,2.594665529,3.297606229,4.577586978,6.445765113,0.037955679,0.184178999,0.61046593,1.250025595,,,,,,,,,,,,,,,,
57,US,UONN,13,120,8,0.940700805,0.960500519,1.020056241,1.078656401,3.347683642,2.806735317,2.473275219,2.283024725,1.423326685,1.584772624,2.312384085,3.760848016,-0.137525073,0.362929678,0.991847956,1.667912211,,,,,,,,,,,,,,,,
75,US,UONN,14,120,8,0.240804478,-0.117307976,-0.158709421,0.099891851,0.737973632,0.616296314,0.8653104,1.206003096,0.71773598,0.911927438,1.302992873,1.950821756,0.453793664,0.773400782,1.098109869,1.368916772,,,,,,,,,,,,,,,,
0,US,UONNb,10,120,8,1.031224167,1.028905213,1.037924761,1.054807812,4.47314375,6.495024729,11.92277026,24.16183142,2.896932761,3.074577237,3.574785124,4.52395136,0.337592032,0.31446487,0.781269392,1.761178248,,,,,,,,,,,,,,,,
23,US,UONNb,11,120,8,0.138061944,-0.102658178,-0.036742486,0.230863035,1.461619422,1.233892927,1.127907037,1.109412609,0.921202883,0.814998242,1.01240638,1.372417837,0.983497797,0.949788897,1.042692759,1.201523165,,,,,,,,,,,,,,,,
41,US,UONNb,12,120,8,1.880643884,1.885905585,1.975232439,2.07011348,0.270908422,0.227174623,0.441863797,0.644601207,0.488017352,0.714311924,1.4314651,2.899499912,7.527403463,6.624525635,6.300321528,6.275768742,,,,,,,,,,,,,,,,
59,state,UONNb,14,120,8,0.308185063,0.151409008,0.236736036,0.458387414,0.708100699,0.562396227,0.674575011,0.96092128,2.422607237,2.670638917,3.139646011,4.033860357,2.223907215,2.263278178,2.308838651,2.351953458,,,,,,,,,,,,,,,,
77,US,UONNb,14,120,8,0.150557689,0.106110289,0.178641748,0.323843303,0.528645891,0.476732164,0.555145351,0.711532392,5.472589055,6.143905283,7.501300234,9.540106356,0.113219032,0.211767054,0.504742961,0.893380904,,,,,,,,,,,,,,,,
14,state,CONN,10,120,8,1.448249974,1.467879247,1.478941645,1.486260217,1.693041419,1.607030202,1.675499693,1.766877729,1.930544372,1.914493535,2.086927798,2.316510516,1.721547342,1.687907655,1.728654882,1.793461129,,,,,,,,,,,,,,,,
32,state,CONN,11,120,8,1.444993691,1.454238932,1.454648348,1.456274775,2.040824887,2.024843235,2.039189575,2.074464479,2.973241786,3.272584475,3.552668128,3.796497205,1.712284067,1.728136771,1.815729371,1.913042723,,,,,,,,,,,,,,,,
50,state,CONN,12,120,8,1.31731707,1.339012067,1.375606862,1.416402943,2.203223839,2.211573787,2.227628093,2.239343182,3.310926113,3.260185114,3.159877812,3.073474133,1.768781757,1.738139619,1.811921101,1.973910368,,,,,,,,,,,,,,,,
68,state,CONN,13,120,8,1.417731687,1.436689075,1.444109664,1.447019475,2.108572401,2.027842435,1.964538865,1.929214192,3.059245635,3.041548547,3.047487772,3.069892801,1.668300763,1.652945306,1.703404069,1.751951684,,,,,,,,,,,,,,,,
86,state,CONN,14,120,8,1.416621618,1.435040249,1.44324877,1.44702284,2.160549453,2.158511182,2.158109923,2.15756728,1.752973506,1.779859268,1.942454146,2.156335094,,,,,,,,,,,,,,,,,,,,
17,state,CONNb,10,120,8,,,,,1.679652856,1.825779945,2.06307833,2.337093459,3.374100892,3.439305082,3.500137,3.556236251,1.82098847,1.876041498,2.042033868,2.306149138,,,,,,,,,,,,,,,,
34,state,CONNb,11,120,8,1.451043722,1.444838883,1.443277622,1.444236865,2.118568475,2.153754598,2.184225378,2.211552625,3.158626744,3.215729308,3.327342123,3.48273017,2.049870411,2.1015003,2.176545723,2.256935735,,,,,,,,,,,,,,,,
52,state,CONNb,12,120,8,1.448378549,1.44379195,1.441768888,1.444163432,2.134598836,2.163529353,2.187440947,2.213040243,3.099741558,3.154373693,3.269460068,3.419902181,2.212985182,2.2408116,2.273986223,2.309511675,,,,,,,,,,,,,,,,
70,state,CONNb,13,120,8,1.397163163,1.398663551,1.402290316,1.411974631,1.572956924,1.733059769,2.002309105,2.315572656,1.946110195,2.288220577,2.727920104,3.241727453,2.152958181,2.179744132,2.218893716,2.263080628,,,,,,,,,,,,,,,,
88,state,CONNb,14,120,8,1.462377667,1.460701529,1.461518205,1.462848308,1.731988277,1.90900166,2.218569311,2.572792049,2.895498957,3.015646329,3.135792865,3.249695467,,,,,,,,,,,,,,,,,,,,
12,state,SONN,10,120,8,1.639953035,1.765753246,1.808637437,1.847118905,2.175200461,2.175090301,2.161085937,2.141771103,2.92868349,2.807054493,2.676279825,2.56864077,1.762361329,1.742539019,1.792430644,1.830494777,,,,,,,,,,,,,,,,
30,state,SONN,11,120,8,1.71157387,1.785741549,1.862428341,1.923121312,2.066191,2.021369207,2.022699876,2.025420443,3.18015152,3.114939388,3.008194123,2.865680999,2.185248456,2.048465338,1.971711994,1.903305051,,,,,,,,,,,,,,,,
48,state,SONN,12,120,8,1.44168471,1.448199519,1.474958984,1.517878821,1.984003195,1.952629905,1.943271784,1.92418709,2.953201262,2.806570839,2.688843832,2.580925609,1.577742288,1.637021692,1.727297386,1.767710603,,,,,,,,,,,,,,,,
66,state,SONN,13,120,8,1.631348021,1.582773227,1.56624896,1.601125312,1.453908627,1.492906161,1.61311995,1.731336053,1.715351174,1.847797629,2.243647523,2.444773942,1.703943088,1.648460936,1.670539074,1.721011205,,,,,,,,,,,,,,,,
84,state,SONN,14,120,8,1.441072501,1.457847964,1.491743527,1.535609176,1.838946456,1.645475172,1.764133898,1.932802927,2.946787327,2.854896137,2.737555685,2.616888324,1.936157563,1.911363163,1.897581608,1.906203062,,,,,,,,,,,,,,,,
13,state,SONNb,10,120,8,1.212021853,1.350676093,1.484901028,1.578716266,2.225480139,2.193954827,2.17522767,2.148620253,3.168657105,3.139232386,3.113963826,3.103466091,1.685813825,1.713380103,1.758361249,1.824758737,,,,,,,,,,,,,,,,
31,state,SONNb,11,120,8,1.467156787,1.478719118,1.518615251,1.568160103,1.75708649,1.646517554,1.888930891,2.265105483,3.399912885,3.380871014,3.385276999,3.387567656,2.223200705,2.307683252,2.498331481,2.754213128,,,,,,,,,,,,,,,,
49,state,SONNb,12,120,8,1.141583202,1.240394069,1.359982924,1.461547228,1.83971738,1.567864251,1.583081605,1.614811831,2.922239531,2.906556841,2.897781223,2.887558738,2.265698062,2.180423613,2.136014511,2.147375633,,,,,,,,,,,,,,,,
67,state,SONNb,13,120,8,1.449475929,1.454604419,1.465571804,1.475918118,2.101076066,2.084764297,2.059407282,2.033656779,2.659970023,2.84182635,3.046987583,3.214761234,1.858681828,1.783947682,1.802356464,1.876282589,,,,,,,,,,,,,,,,
85,state,SONNb,14,120,8,1.140407649,1.225203392,1.332684751,1.452890501,2.16776355,2.148382477,2.162322146,2.184462389,3.529389222,3.494438071,3.431930517,3.359416295,,,,,,,,,,,,,,,,,,,,
15,state,UONN,10,120,8,1.449722421,1.457418354,1.461529126,1.464639123,2.234477809,2.272029267,2.310782159,2.307880918,3.355865502,3.350088426,3.522502847,3.805081662,2.196778798,2.145088682,2.139522517,2.152172249,,,,,,,,,,,,,,,,
33,state,UONN,11,120,8,1.439704955,1.456090074,1.464876452,1.471104041,2.131191934,2.134248152,2.121215516,2.088862844,2.390771736,2.402006203,2.495358008,2.648738075,2.074641772,2.048069677,2.044242651,2.054430023,,,,,,,,,,,,,,,,
51,state,UONN,12,120,8,1.445464633,1.451449854,1.456419662,1.461358625,2.066286571,2.124713005,2.16972816,2.20173956,2.685107934,2.415899855,2.339604588,2.359535958,1.836797348,1.834338913,1.864539981,1.917870173,,,,,,,,,,,,,,,,
69,state,UONN,13,120,8,1.424173649,1.440733514,1.441156548,1.434121108,1.8039583,1.718332465,1.71236504,1.743857261,3.08910954,3.087043948,3.116481172,3.172567256,1.662724497,1.704842943,1.766695291,1.86817526,,,,,,,,,,,,,,,,
87,state,UONN,14,120,8,1.443090427,1.453962956,1.460565855,1.470261871,2.12690412,2.144181391,2.156699998,2.166897625,2.185252559,2.16614416,2.231876227,2.352653938,,,,,,,,,,,,,,,,,,,,
16,state,UONNb,10,120,8,1.456772561,1.452664629,1.442970132,1.442605687,2.144033186,2.199349879,2.260072814,2.319726043,3.07661085,3.151300151,3.233568186,3.3219328,2.176038297,2.192933824,2.234262418,2.265576557,,,,,,,,,,,,,,,,
35,state,UONNb,11,120,8,1.467385023,1.452385151,1.437871811,1.428327031,2.09433554,2.167162313,2.224671464,2.277054203,3.290188624,3.419457392,3.537842682,3.654755589,2.230330917,2.309007913,2.36352316,2.42152204,,,,,,,,,,,,,,,,
53,state,UONNb,12,120,8,1.474427803,1.457427432,1.442941404,1.446038508,2.174746913,2.247190685,2.347833681,2.451827165,3.11366915,3.166515544,3.253354211,3.45376015,2.208889684,2.236724378,2.270618065,2.336025627,,,,,,,,,,,,,,,,
71,state,UONNb,13,120,8,1.464421961,1.452824969,1.444546222,1.443426969,2.054759011,2.105530778,2.170522469,2.219092443,3.009232932,3.05702982,3.113340962,3.147952699,2.228575074,2.247450238,2.274337444,2.307426716,,,,,,,,,,,,,,,,
89,state,UONNb,14,120,8,1.484755668,1.465500388,1.448351192,1.434876993,2.169159475,2.202071477,2.248488922,2.302971344,,,,,,,,,,,,,,,,,,,,,,,,
11,hhs,CONN,10,120,8,0.374828887,0.540593528,0.701650232,0.846199205,1.898952993,1.903123101,1.929940325,1.948891651,1.104844502,1.135420947,1.316801527,1.503951244,1.99899313,2.005317072,2.019514312,2.046587999,,,,,,,,,,,,,,,,
26,hhs,CONN,11,120,8,0.435700778,0.568336502,0.691194475,0.792026218,0.899306987,0.950440812,1.051323893,1.17958746,2.4055985,2.598132858,2.791753034,3.001394296,0.886728861,1.030639598,1.179002078,1.310955781,,,,,,,,,,,,,,,,
44,hhs,CONN,12,120,8,1.217545642,1.199219069,1.193026907,1.198852047,0.634660497,0.784627232,0.956948384,1.102273752,2.965301557,3.037822044,3.089172319,3.157703526,0.917281106,1.056352569,1.199730158,1.311870363,,,,,,,,,,,,,,,,
62,hhs,CONN,13,120,8,1.335329953,1.331978809,1.332824911,1.337889952,0.641833512,0.785385179,0.974096099,1.149254403,0.836937269,0.984405011,1.158867035,1.361632123,2.007245227,2.015881715,2.025472803,2.042198323,,,,,,,,,,,,,,,,
80,hhs,CONN,14,120,8,0.437125174,0.562376239,0.688537386,0.805068567,0.656414392,0.801845342,0.962998126,1.087958052,0.725813845,0.856544174,1.040640708,1.266759227,0.946127932,1.038559846,1.155991921,1.271320122,,,,,,,,,,,,,,,,
7,hhs,CONNb,10,120,8,0.379749762,0.479328429,0.610546197,0.75072216,,,,,0.759593322,0.910173847,1.142311057,1.419863745,2.023525531,2.060955108,2.091126627,2.116094398,,,,,,,,,,,,,,,,
27,hhs,CONNb,11,120,8,0.275775303,0.480183404,0.687268809,0.884809199,1.405434752,1.393285697,1.45054997,1.506886077,0.791356859,0.832583602,0.986049368,1.241165948,0.901925594,1.048046281,1.199805253,1.333542545,,,,,,,,,,,,,,,,
46,hhs,CONNb,12,120,8,0.348358047,0.512721875,0.670733589,0.808755286,0.734151839,0.841082841,0.951646158,1.049586297,1.06872783,1.161311531,1.385175441,1.688556088,1.948884395,1.982042684,2.017802024,2.048171527,,,,,,,,,,,,,,,,
63,hhs,CONNb,13,120,8,0.457502413,0.565466967,0.700198563,0.838221119,0.560336416,0.712656856,0.889855103,1.057142039,0.889533491,1.037971017,1.246163763,1.474821649,0.900505404,1.050574131,1.206806907,1.332117066,,,,,,,,,,,,,,,,
82,hhs,CONNb,14,120,8,1.339258206,1.316033306,1.30012943,1.290532009,0.588154022,0.73890433,0.955390433,1.19391157,0.890441799,1.00290319,1.247194134,1.629315959,1.037923136,1.171063964,1.37042972,1.566743593,,,,,,,,,,,,,,,,
6,hhs,SONN,10,120,8,0.518591075,0.625719336,0.723858307,0.840581567,1.518944027,1.559160584,1.61369616,1.672758764,2.866700776,2.832825728,2.774420501,2.705166958,1.037565827,1.165118248,1.266516103,1.346829967,,,,,,,,,,,,,,,,
24,hhs,SONN,11,120,8,0.308281214,0.480799005,0.646308261,0.790305426,2.124489472,2.119662939,2.025537778,1.945458803,0.855173502,1.038304241,1.242572544,1.448822709,1.967729135,1.937922276,1.917403594,1.871356306,,,,,,,,,,,,,,,,
42,hhs,SONN,12,120,8,0.364946017,0.544817153,0.68197651,0.792237604,0.663924371,0.818183147,0.976749609,1.113948815,0.761251149,0.763694608,0.792416926,0.884289362,1.286586748,1.318221387,1.405354285,1.489288667,,,,,,,,,,,,,,,,
60,hhs,SONN,13,120,8,1.394911213,1.406863356,1.430070619,1.460212351,0.953133746,1.06198471,1.153049088,1.229470685,1.14885259,1.197757459,1.360676861,1.585399597,1.948035437,1.893837101,1.865601335,1.857610027,,,,,,,,,,,,,,,,
78,hhs,SONN,14,120,8,0.444509486,0.614063803,0.749727402,0.864329769,1.164043544,1.34652764,1.524285337,1.626336173,2.988106998,2.588886199,2.472058055,2.409030866,2.011395449,2.049333193,1.96155072,1.843112366,,,,,,,,,,,,,,,,
10,hhs,SONNb,10,120,8,0.33766602,0.507696584,0.678515693,0.840111692,1.818148554,1.799983464,1.796460482,1.792396214,1.082513986,1.39801942,1.742098143,2.032463077,0.879193652,0.985309014,1.137642635,1.27018985,,,,,,,,,,,,,,,,
25,hhs,SONNb,11,120,8,1.380542431,1.345629473,1.354754979,1.405844437,0.592222685,0.759723574,0.949366541,1.099742475,0.921245164,1.125350497,1.430718709,1.76928238,1.05824657,1.237453949,1.438739227,1.495617022,,,,,,,,,,,,,,,,
43,hhs,SONNb,12,120,8,0.411908823,0.537029058,0.682173364,0.806375256,1.631267951,1.643047471,1.623001528,1.604713979,2.704227096,2.684003338,2.591651372,2.548562392,0.993467524,1.131608071,1.239849871,1.330945795,,,,,,,,,,,,,,,,
61,hhs,SONNb,13,120,8,0.699769037,0.78518553,0.877818465,0.966546811,0.6689185,0.841210312,1.020388938,1.175175932,3.112955618,3.16279297,3.192946715,3.21984078,0.988219025,1.122557221,1.250173354,1.347803609,,,,,,,,,,,,,,,,
79,hhs,SONNb,14,120,8,0.459881369,0.579942596,0.715387473,0.826056328,2.305525649,2.351633036,2.382745175,2.40489714,0.891786059,1.100493257,1.334385569,1.546530924,1.069982762,1.29448948,1.438008956,1.531182167,,,,,,,,,,,,,,,,
9,hhs,UONN,10,120,8,,,,,1.580688437,1.57946202,1.581650816,1.585057747,2.495517989,2.698717394,2.93499543,3.157154462,1.058066247,1.166880866,1.274365217,1.373589445,,,,,,,,,,,,,,,,
28,hhs,UONN,11,120,8,1.387957902,1.346284304,1.323815957,1.308002721,1.77106631,1.745867149,1.708570303,1.682982945,0.897276131,1.067174462,1.279483959,1.535098681,1.406761806,1.440151584,1.486752227,1.52757962,,,,,,,,,,,,,,,,
45,hhs,UONN,12,120,8,1.311155799,1.303927302,1.301705584,1.302055272,1.404555224,1.471601866,1.603636289,1.691024417,3.311743814,3.397986037,3.427265137,3.45067967,1.272459164,1.367067443,1.470605315,1.549214423,,,,,,,,,,,,,,,,
64,hhs,UONN,13,120,8,0.483114517,0.605362715,0.735113366,0.83917016,1.050231578,1.164253333,1.263320701,1.343141281,2.726850729,2.772070507,2.821768414,2.87907047,2.013044537,1.999448628,2.023253916,2.054903466,,,,,,,,,,,,,,,,
81,hhs,UONN,14,120,8,1.324095688,1.325785671,1.32543704,1.324436247,0.990596962,1.075285214,1.171383189,1.26204893,3.223412646,3.329723281,3.397051234,3.453262468,1.979466352,1.964780808,1.956337728,1.956394901,,,,,,,,,,,,,,,,
8,hhs,UONNb,10,120,8,1.334475039,1.3422488,1.345986415,1.344816199,1.594500413,1.599145801,1.603439429,1.611735546,1.499806748,1.756253834,2.112907643,2.515467571,2.002551416,2.014066146,2.02780919,2.048189261,,,,,,,,,,,,,,,,
29,hhs,UONNb,11,120,8,1.29589309,1.290422228,1.290516784,1.296243224,1.190301115,1.233509611,1.29544027,1.373528638,2.396462036,2.396149932,2.420481729,2.452655856,0.991250927,1.129644306,1.317485607,1.489659932,,,,,,,,,,,,,,,,
47,hhs,UONNb,12,120,8,0.874449672,0.898765824,0.95960488,1.042419035,1.635610795,1.627920593,1.624802695,1.624053959,2.502007375,2.518620251,2.539361404,2.557802715,1.980163155,1.984761913,1.992122708,1.994515774,,,,,,,,,,,,,,,,
65,hhs,UONNb,13,120,8,1.442613997,1.37679712,1.339851918,1.34255269,1.088902173,1.127624104,1.238679664,1.290947784,2.56193601,2.573983696,2.606088178,2.662180256,1.082829939,1.251650904,1.410585504,1.510842582,,,,,,,,,,,,,,,,
83,hhs,UONNb,14,120,8,1.396192339,1.385307788,1.37975758,1.38049527,1.041255172,1.160713192,1.272309492,1.354451391,2.846643077,2.920890793,3.134957059,3.378704231,2.135028827,2.165539373,2.199725977,2.223441725,,,,,,,,,,,,,,,,
90,US,SONN,17,20,8,,,,,0.718207663,0.804236973,0.918220832,1.028169023,2.83849855,2.844549151,2.860389303,2.874603462,0.070850834,0.431831323,0.763138729,1.033413465,,,,,,,,,,,,,,,,
91,US,SONNb,17,20,8,1.064008391,1.105688155,1.140997963,1.25282843,1.153021348,1.613879586,1.775349639,1.758370745,3.447553657,3.226888447,3.162743329,3.117491165,1.286184314,1.286301244,1.31176793,1.349301324,,,,,,,,,,,,,,,,
92,US,CONN,17,20,8,17.01888951,17.46232084,17.92113616,18.50629063,21.60180658,19.14926904,19.30610488,20.27828936,48.58213297,50.19360344,51.66093606,53.11926429,6.053710168,6.115935927,6.29672644,6.578958362,,,,,,,,,,,,,,,,
93,US,CONNb,17,20,8,4.027161477,4.046505164,4.157153615,4.320942167,15.29601161,23.59575795,38.57289219,56.65609495,93.89761964,100.766615,109.7914752,122.7214974,9.619269575,13.34063736,18.21648123,23.71626326,,,,,,,,,,,,,,,,
94,US,UONNb,17,20,8,11.44878769,11.56552348,11.64202567,11.08038353,11.03213434,9.098476939,8.803461429,9.566815945,16.33926368,16.55489978,17.70473474,19.69464961,25.66040824,21.90512222,21.31429601,20.88984921,,,,,,,,,,,,,,,,
95,US,UONN,17,20,8,3.865870964,3.844304852,3.869343058,3.938964487,29.8679341,23.83364663,20.47657193,18.42869674,29.62500104,29.94540244,32.66518748,36.27511353,41.77857057,34.02985092,30.52308598,28.52342826,,,,,,,,,,,,,,,,
96,US,SONN,18,20,8,1.242209816,1.156042021,1.159895835,1.190846551,1.120562811,1.163797486,1.26049792,1.338927774,2.774117817,2.605446386,2.578204589,2.56420305,0.149396874,0.477568083,0.792132737,1.072809302,,,,,,,,,,,,,,,,
97,US,CONN,18,20,8,22.29613042,18.33511051,20.20163941,23.15582635,29.93651529,30.4783193,31.22436487,32.20692002,68.66162829,64.20763464,61.02918788,59.7728264,61.65952414,63.58154289,65.02012836,65.81884539,,,,,,,,,,,,,,,,
98,US,SONNb,18,20,8,1.642732833,1.4559395,1.444281057,1.440029071,0.92707109,0.813332144,0.912573197,1.001330351,0.789186184,1.120326492,1.484500669,1.714667702,1.116392158,1.113271699,1.175566504,1.337191247,,,,,,,,,,,,,,,,
99,US,UONN,18,20,8,4.171275418,4.293277219,4.506122227,4.799706946,22.944954,21.29732568,20.32591828,19.65587723,63.77882236,66.07170327,76.29711976,94.11390555,6.477818328,6.800485978,7.236565618,7.718766659,,,,,,,,,,,,,,,,
100,US,CONNb,18,20,8,3.303672787,3.320747152,3.380218886,3.487844975,6.733186772,6.817186482,6.948946806,7.096338297,35.66300392,36.33280295,37.23679547,38.34835548,20.55715569,21.07783888,21.69116028,22.3518364,,,,,,,,,,,,,,,,
101,US,UONNb,18,20,8,10.38410595,10.55298312,10.69674903,10.80248779,23.56814346,14.20057698,9.770150457,7.795748785,39.99130479,40.69602948,42.07395521,46.84787056,17.9900834,15.90819725,15.61668715,15.03287695,,,,,,,,,,,,,,,,
102,US,SONN,19,20,8,1.023507859,1.096465161,1.132908352,1.149302179,1.211382692,1.320246028,1.45871137,1.582454952,2.801545662,2.728927045,2.713166262,2.725585384,1.212813152,1.282579336,1.318343921,1.34041312,,,,,,,,,,,,,,,,
103,US,CONNb,19,20,8,23.9520917,24.17764366,24.35608968,24.55641442,9.613735292,10.50312244,12.28093999,15.43151999,16.77014132,17.05252916,17.36838738,17.67237399,143.3757586,158.9260459,170.9807818,175.1145355,,,,,,,,,,,,,,,,
104,US,CONN,19,20,8,16.7747236,13.75250261,13.59844192,14.1399136,7.492893265,7.558711424,7.706023721,7.877372407,36.95103284,38.49967191,39.56613882,40.83222126,10.43782463,9.962812926,9.745970782,9.653158101,,,,,,,,,,,,,,,,
105,US,SONNb,19,20,8,0.981320614,0.969064015,1.004712892,1.043717035,1.565343363,1.557741831,1.727702654,1.861189891,2.874342628,2.753935082,2.823809616,2.799247774,5.433202795,5.425858463,5.424231462,5.423441226,,,,,,,,,,,,,,,,
106,US,UONNb,19,20,8,20.23080515,18.50935986,16.91898643,14.61547772,12.65269196,10.01560274,9.731358228,10.59300785,10.1050124,9.321706366,9.445879337,10.82009521,60.17619459,40.53803253,35.67758163,30.95827948,,,,,,,,,,,,,,,,
107,US,UONN,19,20,8,2.057024757,2.045275086,2.083447415,2.148332266,13.62362812,11.86384205,10.76843479,10.13207557,4.4828453,4.158949303,4.430691325,4.879836205,148.8165816,85.58882713,56.42975107,42.47413932,,,,,,,,,,,,,,,,
108,US,SONN,15,40,8,0.708392593,0.545870752,0.802520172,1.451698191,1.253804214,1.27454315,1.297392259,1.324812111,1.000607659,1.253623415,1.615709424,1.929241316,0.103358177,0.481404675,0.826127809,1.105727733,,,,,,,,,,,,,,,,
109,US,CONN,15,40,8,0.697724623,0.998075622,1.268811606,1.459232001,10.08816774,10.18313387,10.39986679,10.57502018,40.23296975,34.65624225,30.17108569,27.70430999,3.231962006,3.550912985,4.352108775,5.322948551,,,,,,,,,,,,,,,,
110,US,SONNb,15,40,8,0.404963106,0.643574668,0.824098926,0.968756518,1.244059152,1.266285187,1.312853325,1.361584775,0.876098429,1.09847897,1.3616641,1.619884673,2.227281086,2.150870463,2.165938795,2.174611032,,,,,,,,,,,,,,,,
111,US,UONN,15,40,8,3.620132407,3.67156195,3.741790318,3.843208373,2.405965754,2.436021625,2.536320393,2.666344614,15.35888417,15.04330841,14.84245526,14.95569871,1.747328987,1.774335164,1.997792955,2.347086168,,,,,,,,,,,,,,,,
112,US,CONNb,15,40,8,55.41473626,58.53474906,66.48397893,85.14870126,2.407998246,2.479811175,2.671186629,2.973423817,4.092374665,4.452044309,5.288025326,6.574142589,73.88898807,76.73368263,81.56355604,90.40391151,,,,,,,,,,,,,,,,
113,US,UONNb,15,40,8,1.152070463,1.442015146,1.792568707,2.215083326,18.06769598,17.19625761,16.49210963,16.19759684,42.79921737,39.19768641,36.8843204,37.03480022,3.249706482,3.462735862,3.945062456,4.744592144,,,,,,,,,,,,,,,,
114,US,SONN,16,40,8,0.140474708,0.060820654,0.158287208,0.37084319,1.137814954,1.144189258,1.179179678,1.226636165,1.406127553,1.489271078,1.621051028,1.80098647,5.452101539,5.450157116,5.441498624,5.431490582,,,,,,,,,,,,,,,,
115,US,CONN,16,40,8,4.447742861,4.648444738,4.944260611,5.329548575,5.394480112,5.431234781,5.487810387,5.581787227,36.59528505,33.23193857,33.05082268,33.90828008,2.589304664,2.623515912,2.686928508,2.750519212,,,,,,,,,,,,,,,,
116,US,SONNb,16,40,8,0.264555811,0.322708684,0.498498017,0.594514972,0.442811048,0.455236132,0.549361267,0.698446185,0.896353173,1.267745308,1.692766194,2.709917309,0.444425966,0.653030284,1.0100973,1.161900119,,,,,,,,,,,,,,,,
117,US,UONN,16,40,8,5.280570349,4.621803298,4.215173189,3.987940964,17.8318494,18.28376844,18.79038609,19.1315661,9.20889581,9.558765327,10.10277307,10.83734806,18.75238078,18.97534192,19.17837865,19.44334169,,,,,,,,,,,,,,,,
118,US,CONNb,16,40,8,4.463743729,4.461549336,4.489560224,4.542864321,3.583756455,3.620725757,3.709118843,3.823252234,6.43219223,6.700354897,7.274256468,8.150984667,5.702781419,5.584183369,5.661240209,5.810290201,,,,,,,,,,,,,,,,
119,US,UONNb,16,40,8,11.54683636,8.908842024,7.432254338,6.737406006,16.78985812,15.93284727,15.81769774,16.56305406,32.86310769,34.15885002,35.58819852,36.56603548,14.77569069,13.51762772,13.31050193,13.71804447,,,,,,,,,,,,,,,,
120,US,SONN,17,40,8,1.159541068,1.17157503,1.190014955,1.223748431,0.428934636,0.542108346,0.863227578,1.132337421,2.530291992,2.312041008,2.263405037,2.256039498,1.835690032,1.633643925,1.623067968,1.635722302,,,,,,,,,,,,,,,,
121,US,CONN,17,40,8,3.030826768,3.058632275,3.099294394,3.136400761,5.431038936,5.453221338,5.502352874,5.564639105,12.67006334,11.56312484,11.50387129,11.65147999,137.553717,139.9638301,142.674476,145.2628704,,,,,,,,,,,,,,,,
122,US,SONNb,17,40,8,0.368166616,0.533838219,0.692727008,0.845561275,1.785655398,1.805262298,1.816774397,1.82593009,1.649159419,1.72490423,1.760430498,1.78909771,0.222276721,0.382427716,0.716167599,1.072105406,,,,,,,,,,,,,,,,
123,US,UONN,17,40,8,0.902347923,0.888854488,0.899594162,0.921804776,3.055779765,3.053551186,3.221912764,3.484421034,9.113063162,9.573094823,10.33523446,11.5026761,20.93119174,20.68900553,20.66072913,20.55715708,,,,,,,,,,,,,,,,
124,US,CONNb,17,40,8,2.417197328,2.486425173,2.569365013,2.686919231,2.263411734,2.293277102,2.353604146,2.438119293,3.059117735,3.252888992,3.705368895,4.494546247,6.82706319,8.235489949,9.575690689,13.1800791,,,,,,,,,,,,,,,,
125,US,UONNb,17,40,8,2.777271679,2.919316764,3.061407944,3.220709073,6.78921243,6.516228713,6.528382029,7.284581195,6.644364522,5.586978082,5.074774936,4.993992251,8.884967336,6.373029919,5.511724049,5.633839133,,,,,,,,,,,,,,,,
126,US,SONN,18,40,8,1.320836415,1.197670366,1.231640908,1.349736719,0.789053244,0.84216893,0.928058488,1.042666872,0.972584266,1.121364371,1.298987776,1.480049661,1.579551044,1.598552305,1.613809848,1.628583193,,,,,,,,,,,,,,,,
127,US,CONN,18,40,8,10.24824122,10.55527425,11.0162654,11.60005179,15.74567607,14.77156793,14.34604565,14.06229454,17.45257654,16.82309297,16.50288929,16.28810994,24.52046695,25.84664444,28.05240661,31.21287192,,,,,,,,,,,,,,,,
128,US,SONNb,18,40,8,-0.006249796,0.119919791,0.342635894,0.546146055,1.018441984,0.965477617,1.041291277,1.10146478,4.194539989,3.729217,3.740624245,3.790151784,0.359180325,0.452187155,0.755314718,1.043222382,,,,,,,,,,,,,,,,
129,US,UONN,18,40,8,2.800706908,2.444825053,2.302480486,2.309297819,5.260724235,3.843255691,3.284483729,3.111670551,56.13644912,53.35098033,52.54613936,52.11057577,3.468616055,3.763427832,4.173242796,4.681873143,,,,,,,,,,,,,,,,
130,US,CONNb,18,40,8,3.16437419,3.853281969,5.260844643,7.878165013,9.51843337,10.12418375,11.20102246,13.32362584,27.62904509,28.88949798,30.24253056,31.58232186,13.08792654,13.38603452,13.75317523,14.22173152,,,,,,,,,,,,,,,,
131,US,UONNb,18,40,8,2.635491152,2.780671341,2.988719249,3.3510579,12.74288372,12.13665151,11.70534484,11.03690734,10.7606405,10.02070403,9.881340377,10.48620795,30.8712698,29.57866432,32.67430684,36.47208777,,,,,,,,,,,,,,,,
132,US,SONN,19,40,8,0.196426526,0.204173258,0.308388635,0.499045435,1.377183185,1.362785944,1.377242402,1.415840226,1.81236151,1.820154767,2.042745111,2.472614124,2.658926535,2.471231898,2.452267498,2.44675443,,,,,,,,,,,,,,,,
133,US,CONN,19,40,8,5.673630975,4.967721673,4.99852933,5.199145642,10.44218556,10.48736589,10.59309575,10.66441026,90.06798222,90.21219957,95.07866262,101.9422107,10.57364527,9.64563735,9.392166616,9.458654711,,,,,,,,,,,,,,,,
134,US,SONNb,19,40,8,1.205070664,1.19362645,1.324418119,1.369571444,2.569408849,2.37936233,2.316256907,2.304909219,1.504689127,1.66461171,1.78311697,1.91871254,0.19908173,0.292389899,0.545517444,0.800699569,,,,,,,,,,,,,,,,
135,US,UONN,19,40,8,1.31350773,1.309784882,1.314969609,1.330765508,7.349450149,7.321703819,7.328228267,7.390364072,11.78545266,12.09066047,12.38358492,12.66845472,6.014194572,6.124699426,6.299957159,6.496093934,,,,,,,,,,,,,,,,
136,US,CONNb,19,40,8,26.20839467,26.53665173,26.75049934,26.93677443,4.269421377,4.43040711,4.700056143,5.067710708,30.24595074,36.79618143,43.2787291,58.917376,11.8739974,15.93866421,23.47921526,35.06440745,,,,,,,,,,,,,,,,
137,US,UONNb,19,40,8,11.31067374,12.02121382,12.85876497,13.75134302,35.10096019,22.99502968,18.46741007,17.83590811,9.763337618,9.954339053,10.32246654,10.86435756,4.3206683,4.235711908,4.355363097,4.730159592,,,,,,,,,,,,,,,,
138,US,SONN,15,60,8,0.90215443,0.969985118,1.09499319,1.211881062,0.564015732,0.626296733,0.757944509,0.885965892,1.209295021,1.18551588,1.778685897,2.812383747,0.068728734,0.226586696,0.601751707,1.046375628,,,,,,,,,,,,,,,,
139,US,SONNb,15,60,8,1.245470014,1.275201248,1.316282084,1.365432808,0.404724135,0.476678187,0.716606574,1.003604484,0.694004504,0.570215072,0.625481664,0.959304082,0.749975557,0.802455033,0.983234177,1.030916319,,,,,,,,,,,,,,,,
140,US,CONN,15,60,8,43.36072942,41.46892387,42.80561064,44.9843676,10.25630742,9.561211541,9.49349699,9.558835095,31.45289455,29.61347412,29.57135523,31.0663415,3.474056028,3.299962099,3.513843632,3.746782852,,,,,,,,,,,,,,,,
141,US,UONN,15,60,8,0.321794527,0.349936777,0.526117783,0.798919104,20.06397842,17.24892157,16.83857563,16.99355569,57.29678205,40.57718484,33.91603038,30.29397762,72.02219994,37.39220873,29.6424825,26.98035556,,,,,,,,,,,,,,,,
142,US,CONNb,15,60,8,0.21940356,0.165254297,0.215226146,0.369437062,9.98691622,10.13701671,10.29685115,10.46726987,13.67331487,14.75973475,17.44028581,21.39283396,7.20709111,7.109456005,7.549242218,8.966521993,,,,,,,,,,,,,,,,
143,US,UONNb,15,60,8,2.18928,2.232533895,2.396207541,2.829260639,4.057768166,3.67750298,3.713984387,4.204228494,3.927711585,4.038322513,4.356069919,5.142424245,1.190082914,1.154287289,1.200990061,1.316860491,,,,,,,,,,,,,,,,
144,US,SONN,16,60,8,0.769061231,0.763932786,0.815369125,0.887172286,0.327774573,0.374025933,0.603131915,0.949338942,0.383316426,0.613899381,1.25823602,2.194989512,3.97520244,4.001854326,4.007047441,4.002798706,,,,,,,,,,,,,,,,
145,US,SONNb,16,60,8,0.842228414,0.811340732,0.879569083,0.913066768,0.815821217,0.940078758,1.0468357,1.134033633,0.47449764,0.746092051,1.216615072,1.953500049,0.083334129,0.353905196,0.687007139,0.953479967,,,,,,,,,,,,,,,,
146,US,CONN,16,60,8,1.993339274,2.087481759,2.26165827,2.492316905,7.343182224,7.507960696,7.666368084,7.841028255,7.038733108,7.145390174,7.384184365,7.414723385,4.817590157,4.538642702,4.789857747,5.109024037,,,,,,,,,,,,,,,,
147,US,UONN,16,60,8,4.360050621,4.529064486,4.92787925,5.57964769,0.656007373,0.763562839,1.030900784,1.418326383,11.88588931,11.07493834,10.86540895,10.78359322,22.44658484,22.98643876,23.04177826,22.80594862,,,,,,,,,,,,,,,,
148,US,CONNb,16,60,8,0.075229541,-0.090016737,0.092130329,0.526182348,121.1877359,122.8494929,126.5774811,132.5074173,2.87591878,3.155351988,3.829785002,4.945714781,1.405358034,1.627098463,2.106226093,2.759182333,,,,,,,,,,,,,,,,
149,US,SONN,15,20,8,2.044779676,2.044190913,2.043633492,2.042037254,1.435783221,1.365119862,1.356465597,1.417211437,,,,,,,,,,,,,,,,,,,,,,,,
150,US,SONNb,15,20,8,,,,,2.07427717,1.823338043,1.819873023,1.843885894,,,,,,,,,,,,,,,,,,,,,,,,
151,US,CONNb,16,20,8,,,,,,,,,,,,,6.237339925,6.405983886,6.708983491,7.119972904,,,,,,,,,,,,,,,,
152,US,UONN,16,20,8,,,,,,,,,,,,,16.59861747,16.71067316,16.9290498,17.14057759,,,,,,,,,,,,,,,,
153,US,UONNb,16,20,8,,,,,,,,,80.65675182,69.72113273,57.51277244,50.45891535,23.72593866,20.98836689,19.94789207,19.33141728,,,,,,,,,,,,,,,,
154,US,SONN,17,60,8,-0.065872881,-0.095312348,0.138037291,0.386423543,0.481218608,0.464433432,0.629804957,0.915811955,8.541488161,8.42738433,8.38268834,8.365456315,0.613944196,0.784904151,1.085387147,1.293616984,,,,,,,,,,,,,,,,
155,US,SONNb,17,60,8,0.156484376,0.146656149,0.303910615,0.483746537,2.767338114,2.72789077,2.721905777,2.721307732,0.354824734,0.545943783,0.99690191,1.443721828,1.231148854,1.306677091,1.345321991,1.387131687,,,,,,,,,,,,,,,,
156,US,CONN,17,60,8,2.594499087,2.622430095,2.6811299,2.762908836,3.707418562,3.860850101,4.183712993,4.624264296,11.39498992,11.48483615,11.68141786,12.0031059,3.724903183,3.805100627,3.978554612,4.197211281,,,,,,,,,,,,,,,,
157,US,UONNb,16,60,8,1.614041295,1.494544397,1.437742959,1.426114371,5.514340313,5.687935689,5.963411254,6.265978941,4.906399501,5.217016333,5.820205158,6.739891358,38.71937126,39.37909898,39.76895926,40.52927301,,,,,,,,,,,,,,,,
158,US,UONN,17,60,8,1.101007478,1.092997391,1.094419069,1.101776267,13.6180791,14.47202128,15.30438815,15.9170751,8.951953668,9.111229461,9.387497081,9.759504959,6.976516151,6.110010802,5.61998067,5.354736059,,,,,,,,,,,,,,,,
159,US,CONNb,17,60,8,92.88637661,112.9933752,140.9896413,171.2672345,1.603216605,1.660804116,1.92306379,2.295959684,19.98443985,21.84685998,23.14270007,24.0711418,17.4380854,14.86732172,15.33304007,16.78927892,,,,,,,,,,,,,,,,
160,US,UONNb,17,60,8,11.40048727,12.16462312,12.16467451,12.43215702,9.428134775,9.689634429,10.41075899,11.60686483,27.11219168,27.24103896,27.30066097,27.72010816,1.647034172,1.856438544,2.198966915,2.572781765,,,,,,,,,,,,,,,,
161,US,SONN,18,60,8,2.298196432,2.296135002,2.294022093,2.293344266,0.565434333,0.66500215,0.98620798,1.286416014,0.432171689,0.561473542,0.867091382,1.297577393,4.893991533,4.891748597,4.890322754,4.884832384,,,,,,,,,,,,,,,,
162,US,SONNb,18,60,8,0.382514876,0.475983318,0.604671641,0.830348818,1.218978664,1.05665926,1.1458933,1.343356312,1.930783139,1.811012261,1.869223602,1.989295108,0.248735744,0.263282271,0.51686801,0.908204355,,,,,,,,,,,,,,,,
163,US,CONN,18,60,8,1.976835934,1.868566243,1.801361733,1.783722221,5.323286139,5.55507458,6.005294806,6.531693456,3.374192179,3.556649807,3.791459965,4.026947789,1.198893851,1.373659849,1.531008318,1.677292208,,,,,,,,,,,,,,,,
164,US,UONN,18,60,8,11.47741525,9.831632831,9.550011954,9.613448742,3.40353712,2.971467936,2.705823073,2.555199028,2.832147918,3.129826539,4.072832806,5.662496093,2.310052407,2.545396132,2.907694707,3.364570911,,,,,,,,,,,,,,,,
165,US,CONNb,18,60,8,0.214087557,0.119371394,0.211546058,0.443078304,1.113726946,1.297551691,1.69897977,2.168410987,7.644146055,7.94964061,8.75605497,9.966279064,17.499503,17.64826516,17.92591033,18.26078626,,,,,,,,,,,,,,,,
166,US,UONNb,18,60,8,1.147305967,1.140921396,1.33845586,1.601013225,1.012342869,1.094048913,1.466015383,2.036883894,2.755599307,2.85674184,3.125473031,3.578109317,13.53223229,13.95816628,14.99917212,16.21238794,,,,,,,,,,,,,,,,
167,US,SONN,19,60,8,0.599311502,0.458065764,0.514224751,0.691904441,3.509524562,3.460745274,3.15969245,2.24349777,0.489161484,0.738488306,1.245898304,1.866577873,1.42209524,1.429160889,1.445734621,1.461851071,,,,,,,,,,,,,,,,
168,US,SONNb,19,60,8,0.997399793,1.110386473,1.149879221,1.178524189,0.309517813,0.42515236,0.819288419,1.222589271,1.765590105,1.855508837,1.96787271,2.075358895,0.5208376,0.608134046,1.038908079,1.812154375,,,,,,,,,,,,,,,,
169,US,CONN,19,60,8,4.356306901,4.296412087,4.317793935,4.363677919,1.093416937,1.054323101,1.17973459,1.303523078,17.09406281,18.32533473,20.55414065,23.20663716,16.81033597,17.29130843,18.12576724,19.30808143,,,,,,,,,,,,,,,,
170,US,CONNb,19,60,8,0.145371078,0.335072462,0.541904243,0.732346311,7.455316333,7.651511001,7.937760407,8.201106556,14.04037862,14.78259949,15.76543537,16.80487039,2.444980424,2.675531703,3.365884953,4.79300861,,,,,,,,,,,,,,,,
171,US,UONN,19,60,8,0.41353833,0.246590277,0.354096807,0.712503649,10.79398384,8.429855473,7.372229085,6.920890219,11.74634266,11.61556671,11.535239,11.58991107,12.49479401,11.45953439,11.63458866,12.1035322,,,,,,,,,,,,,,,,
172,US,UONNb,19,60,8,0.139932551,-0.096652157,0.006251432,0.378073012,1.344981207,1.400699548,1.500676394,1.634594501,2.143934563,1.971133618,2.38267206,2.970163066,,,,,,,,,,,,,,,,,,,,
173,US,SONN,15,80,8,0.578967516,0.54137234,0.572087034,0.636257986,2.029150716,2.032054155,2.068031893,2.144561891,0.617748426,0.983344033,1.674637195,2.515024908,0.432803551,0.803946618,0.881193947,0.943230345,,,,,,,,,,,,,,,,
174,US,SONNb,15,80,8,0.783386224,0.653578885,0.618291827,0.680898024,0.802515169,0.875976301,1.042479651,1.127949364,2.061216221,1.52597798,1.029363275,1.050023598,0.004637419,-0.028111606,0.339799164,1.287764479,,,,,,,,,,,,,,,,
175,US,CONN,15,80,8,0.224225992,-0.015957036,0.061594051,0.379071681,1.0891951,0.928863325,1.027859479,1.231456694,3.036193772,3.141890459,3.7866932,4.768688107,0.604844847,0.534486165,0.909205122,1.558812557,,,,,,,,,,,,,,,,
176,US,UONN,15,80,8,4.002498673,3.922188129,3.893461258,3.862254416,14.03561948,14.18602978,14.39630554,14.62854507,2.152250583,2.339067105,2.600369991,2.924671328,14.07832574,11.81992044,11.24281178,11.14632079,,,,,,,,,,,,,,,,
177,US,CONNb,15,80,8,1.30658323,0.920804315,0.850030425,1.26793295,3.87202153,2.394682327,2.623165022,3.363769079,0.970876677,1.488055991,2.280489366,4.415226717,0.698223179,0.773900941,1.053484234,1.543762972,,,,,,,,,,,,,,,,
178,US,UONNb,15,80,8,0.809001473,0.899613772,1.014327608,1.110980231,5.375951988,4.535199229,4.291681539,4.220869649,3.643914281,3.500038741,3.768370703,4.359582122,2.391090843,2.346780158,2.479331628,2.727199775,,,,,,,,,,,,,,,,
179,US,SONN,16,80,8,0.018535846,-0.018884757,0.176483786,0.424669079,1.897601646,1.322960033,1.174330523,1.052404535,0.713731737,0.732148623,0.884902461,1.090049154,1.296050704,1.283527889,1.297008613,1.339259897,,,,,,,,,,,,,,,,
180,US,CONN,16,80,8,1.445478484,1.485211093,1.565905212,1.673811543,0.392129052,0.562497853,0.883196676,1.263534451,1.582883832,1.782100715,2.455045647,3.612634807,1.737315025,2.109737755,2.881900133,3.906769228,,,,,,,,,,,,,,,,
181,US,SONNb,16,80,8,0.704343874,0.011711382,-0.063633828,0.270045545,0.643818453,0.525957702,0.665817503,0.980160968,0.945065404,1.199089393,1.637568973,2.183676423,0.055714595,0.160955482,0.581929949,1.106094338,,,,,,,,,,,,,,,,
182,US,CONNb,16,80,8,6.014419936,5.775825861,5.948820578,6.910293615,0.193813709,0.514607262,1.010546882,1.412550986,25.39906899,26.30354197,27.64211172,29.21879022,1.82993191,2.156404326,2.901277719,3.936832546,,,,,,,,,,,,,,,,
183,US,UONN,16,80,8,21.69562733,21.08825077,20.57002816,20.04344036,3.857862958,3.954742489,4.143481908,4.439451446,2.056368068,2.203852568,2.412109944,2.676159101,0.774579094,1.208697139,2.313205236,3.873996923,,,,,,,,,,,,,,,,
184,US,SONN,17,80,8,0.06803287,0.11267755,0.269996641,0.458766149,0.562934746,0.416398706,0.597972772,0.778534736,1.56185872,1.704250338,1.902001729,2.14353215,3.150872257,3.104857587,3.083414292,3.073316104,,,,,,,,,,,,,,,,
185,US,UONNb,16,80,8,10.10770667,9.131556235,8.148852852,7.331930003,1.661164313,1.697315935,1.799593879,1.968137578,6.694616017,7.357415593,7.917186264,8.457016018,3.333424916,3.337508779,3.380854806,3.479920783,,,,,,,,,,,,,,,,
186,US,SONNb,17,80,8,0.102210145,0.172324768,0.241836399,0.388160182,0.368004043,0.423145442,0.642426636,0.851276508,5.895079266,5.901530951,5.92774977,5.962254896,0.46069237,0.555776681,0.80208932,1.161089964,,,,,,,,,,,,,,,,
187,US,CONN,17,80,8,0.821180124,0.646653004,0.727330763,0.839853237,1.239068211,0.978086264,1.152127942,1.779474608,2.89909644,2.901629958,3.185680147,3.820900459,2.485132435,2.429015063,2.570532946,2.825144985,,,,,,,,,,,,,,,,
188,US,UONN,17,80,8,1.191525391,1.158727422,1.161232508,1.215315066,1.691755118,1.74434224,1.850789835,1.988352922,2.651504872,2.900631331,3.228878739,3.61153057,0.782253227,1.001027224,1.224034451,1.415524041,,,,,,,,,,,,,,,,
189,US,CONNb,17,80,8,1.170414129,1.34464571,1.606880781,1.92302867,1.069005212,1.130648043,1.418192778,1.773528905,2.143151707,2.494714117,3.280946793,4.417406626,-0.0028576,0.244669123,0.952718842,2.124766696,,,,,,,,,,,,,,,,
190,US,UONNb,17,80,8,0.150858705,0.047251157,0.254401102,0.670707388,0.545741405,0.613282063,0.987150128,1.618517959,1.438923359,1.618947343,2.246266728,3.386738571,11.13117094,9.779203304,9.505661454,9.649687237,,,,,,,,,,,,,,,,
191,US,CONN,18,80,8,0.380821105,0.186601282,0.334222832,0.661777771,1.856666448,1.916725649,3.191513992,5.867632131,3.602206529,4.015377964,4.879970666,6.237967582,4.609359843,4.240315123,4.479637254,4.803975308,,,,,,,,,,,,,,,,
192,US,SONN,18,80,8,,,,,2.355386202,1.482020027,1.146795182,1.103132974,0.405729134,0.693666149,1.349280727,2.248040911,0.055315837,0.229042366,0.339457786,0.553183079,,,,,,,,,,,,,,,,
193,US,SONNb,18,80,8,0.145028132,0.129985132,0.249276127,0.41768888,1.106058323,1.069853329,1.191439744,1.49234016,0.931289008,1.091424402,1.358139829,1.813861011,-0.031842206,0.098720093,0.321736094,0.705917357,,,,,,,,,,,,,,,,
194,US,CONNb,18,80,8,0.725756237,0.689107175,0.739910016,0.891162834,5.049829056,5.696739379,6.640196706,7.732333767,2.174030675,2.144716254,2.433513785,2.888271929,161.5115219,170.3979995,175.0238823,178.0349309,,,,,,,,,,,,,,,,
195,US,UONN,18,80,8,0.180851645,0.110726717,0.177884166,0.330883711,0.252373974,0.339073165,0.916298333,1.65760527,39.6944263,36.05004327,35.57974053,35.85115401,1.383505876,1.519061537,1.908491637,2.517269914,,,,,,,,,,,,,,,,
196,US,SONN,19,80,8,0.192414063,0.201655723,0.337501925,0.476582126,1.841839721,0.727202904,0.577780132,0.633172613,1.842044558,1.908077776,2.007863374,2.141331484,0.104059199,0.003905952,0.419752554,0.988647069,,,,,,,,,,,,,,,,
197,US,UONNb,18,80,8,0.114558886,-0.037369054,0.031568322,0.235648705,0.704624784,0.697403759,0.80989642,0.973205213,5.19261526,5.564810511,6.382576256,7.637263796,0.826179121,1.208832419,2.019063937,3.207740249,,,,,,,,,,,,,,,,
198,US,SONNb,19,80,8,0.145814759,0.226797761,0.495208981,0.779746513,0.614267333,0.590199732,0.799515764,1.043683435,0.49467894,0.642787692,1.050535332,1.547852023,0.080130544,0.180264741,0.354001166,0.577927428,,,,,,,,,,,,,,,,
199,US,CONN,19,80,8,0.192404859,0.112814712,0.176145055,0.352211933,3.8478125,3.345743622,3.306740712,3.395968913,6.084586374,6.624528314,6.898276953,7.773015747,2.566337578,2.678319873,2.904937915,3.200276377,,,,,,,,,,,,,,,,
200,US,CONNb,19,80,8,0.290802032,0.248039469,0.317343202,0.478036451,1.382807195,1.45357562,1.98212595,2.457225904,2.463174177,2.89008913,4.054109687,5.958201301,0.293816688,0.452282233,0.768923885,1.167346971,,,,,,,,,,,,,,,,
201,US,UONN,19,80,8,5.503613706,5.550975724,5.59068063,5.617222456,3.822611153,3.467655861,3.316916014,3.313228816,6.782154062,6.793494869,6.805856653,6.846176276,0.937590037,1.025774537,1.236351602,1.545304172,,,,,,,,,,,,,,,,
202,US,UONNb,19,80,8,1.197314866,1.163946464,1.166622977,1.195078441,2.280747677,2.347167261,2.527910207,2.766998788,8.853476965,7.711031998,7.847937262,8.364758525,4.27086374,4.0595006,4.301240811,4.629841313,,,,,,,,,,,,,,,,
203,US,SONN,15,100,8,0.44518263,0.069433544,0.141870279,0.276198982,1.019997877,1.154031351,1.233868513,1.285455777,8.223794423,6.613702699,6.287435835,6.256930323,3.725279644,3.72987865,3.728211249,3.727497801,,,,,,,,,,,,,,,,
204,US,CONN,15,100,8,0.208191054,0.041685301,0.158939595,0.396853213,2.733744032,2.601616427,2.661374107,2.784978823,0.87375579,1.091038729,1.824191805,3.190512386,0.57924921,0.829471357,1.062423877,1.305689868,,,,,,,,,,,,,,,,
205,US,SONNb,15,100,8,0.427269135,0.445332866,0.38738392,0.438305278,0.709746152,0.712955349,0.805076488,0.923478712,2.991235151,3.419688527,4.043910491,5.161764821,0.206343942,0.313112232,0.866091922,1.803507237,,,,,,,,,,,,,,,,
206,US,UONN,15,100,8,0.169762799,0.057407618,0.045330272,0.133299024,1.013770766,1.01063577,1.071609801,1.161415104,3.112267689,3.749349639,4.739216096,6.068787887,-0.026888026,0.186263752,0.759915976,1.605319249,,,,,,,,,,,,,,,,
207,US,CONNb,15,100,8,2.402803723,2.867443716,3.415532053,4.393350141,8.477936548,8.972959773,9.580902931,10.2146803,1.722752832,1.91198586,2.427457623,3.310613732,2.209503527,2.185249884,2.46140583,3.004995628,,,,,,,,,,,,,,,,
208,US,SONN,16,100,8,0.205749032,0.234442434,0.357173628,0.483897237,0.26838108,0.569301255,0.787680432,0.955709359,0.845250061,0.857568984,1.218584393,1.562790241,-0.071628602,0.290652984,0.686175115,0.851195893,,,,,,,,,,,,,,,,
209,US,UONNb,15,100,8,0.336520991,0.299681966,0.32195717,0.426409521,0.021431208,0.153417089,0.368816086,0.587600864,10.05419763,8.758534082,8.013054641,7.805314782,0.44723378,0.781704987,1.224586675,1.776604759,,,,,,,,,,,,,,,,
210,US,SONNb,16,100,8,-0.025511121,-0.017219539,0.15490516,0.42065562,1.040955024,1.134552305,1.129988489,1.153847046,0.182719266,0.592694828,1.108326822,1.663545152,0.125092928,0.364160116,0.670816478,0.998373755,,,,,,,,,,,,,,,,
211,US,CONN,16,100,8,4.926193909,4.928618108,4.954838663,5.011702319,0.949884481,1.21712764,2.106662986,3.048240673,2.189862407,2.4117668,3.008951273,4.220733728,-0.146050443,0.277747797,0.844918036,1.370587894,,,,,,,,,,,,,,,,
212,US,UONN,16,100,8,0.155058042,-0.01896123,0.107065128,0.430347724,0.942071767,0.947138291,0.998229936,1.082593009,3.507302281,3.863459515,4.755338493,6.129946116,0.188479965,0.311363785,0.815824785,1.519856556,,,,,,,,,,,,,,,,
213,US,CONNb,16,100,8,0.44554895,0.574491075,0.706727811,0.856338227,0.450320162,0.642948065,1.174727172,1.898600331,22.14867423,26.66789215,34.11285524,49.49237826,0.340953713,0.365933088,0.570342655,0.891538084,,,,,,,,,,,,,,,,
214,US,UONNb,16,100,8,0.173059475,0.205904609,0.581954776,1.545273593,18.47981186,15.39773582,14.88917309,14.39737446,1.688236675,1.847350656,2.073280772,2.381021188,0.18838762,0.337554041,0.705590695,1.224834222,,,,,,,,,,,,,,,,
215,US,SONN,17,100,8,0.172397547,0.179968448,-0.097455909,-0.00149479,0.485323566,0.572734951,0.840905284,1.117054598,0.966979817,1.296873302,1.7787681,2.854422051,0.050483727,0.214586474,0.629831782,1.2087164,,,,,,,,,,,,,,,,
216,US,CONN,17,100,8,5.000605062,4.229734637,3.866113969,3.75854056,0.735492356,0.774189501,0.900182394,1.072587097,4.609128183,4.9658631,5.587801571,6.539637705,4.044307668,4.405216813,5.102773464,6.040689754,,,,,,,,,,,,,,,,
217,US,SONNb,17,100,8,-0.045177023,-0.161009236,0.039491189,0.218902146,0.338913232,0.476189506,0.681369541,0.976688919,0.538391244,0.884453543,1.547964562,2.762830331,1.312092947,1.24763025,1.231457768,1.266610459,,,,,,,,,,,,,,,,
218,US,UONN,17,100,8,0.330124394,0.306635002,0.382934582,0.49800928,2.229848811,2.392024446,2.580417533,2.768593806,3.964109156,4.395152952,5.349569975,6.883597631,1.330131241,1.327418013,1.373631254,1.44869354,,,,,,,,,,,,,,,,
219,US,CONNb,17,100,8,0.587550601,0.403035326,0.693537544,1.357711471,1.170455674,1.170267257,1.37773844,1.663551713,4.530256346,4.128099411,3.929836456,3.967450504,0.38889669,0.778012851,1.732766739,3.320715843,,,,,,,,,,,,,,,,
220,US,UONNb,17,100,8,1.334061135,1.305619829,1.307642904,1.33158527,2.843996647,2.492862551,2.399532168,2.402125929,7.183847241,7.576815558,8.070805027,8.590410224,0.175037279,0.501351385,1.297887102,2.352866013,,,,,,,,,,,,,,,,
221,US,SONN,18,100,8,11.12246942,11.96364752,11.77503497,11.66605424,0.393046744,0.471879904,0.636103945,0.788433216,0.458075996,0.866364175,1.621260449,2.497303194,-0.185237847,0.196433126,0.639467388,0.961121832,,,,,,,,,,,,,,,,
222,US,CONN,18,100,8,0.558131969,0.312202446,0.356577731,0.544278122,0.838852003,0.698623037,1.119498262,1.865295724,1.539708678,1.602256874,1.931364063,2.414790219,-0.057339661,0.11602794,0.443637224,0.9539539,,,,,,,,,,,,,,,,
223,US,SONNb,18,100,8,1.00623832,0.216112448,-0.092046594,0.013532705,0.725152794,0.802604361,0.867919938,0.918446341,0.980706838,1.419499737,2.312963422,3.631052609,1.418395792,1.851588699,2.089041621,2.311742969,,,,,,,,,,,,,,,,
224,US,CONNb,18,100,8,0.516140425,0.01826,0.103597888,0.687814099,1.280092955,2.299903273,3.883498405,4.730458633,1.114278304,1.246047247,1.708357489,2.611823455,5.187536647,5.270561992,5.377175297,5.499512159,,,,,,,,,,,,,,,,
225,US,UONN,18,100,8,0.263535153,0.139431707,0.257052692,0.579532794,3.866668329,3.613438209,5.179735272,7.920456449,2.328499267,2.516382201,2.745694467,3.032641864,0.192202395,0.420064128,0.753898053,1.081993794,,,,,,,,,,,,,,,,
226,US,UONNb,18,100,8,0.479260676,0.405329394,0.476802868,0.660228916,15.27320052,15.22644749,15.95162901,17.08545728,3.787985875,3.686431862,3.517508299,3.467423713,0.546540223,0.732252536,1.227926843,2.098247086,,,,,,,,,,,,,,,,
227,US,SONN,19,100,8,0.410622989,0.196964259,0.311580931,0.337175127,0.368760698,0.471363002,0.749096479,1.030818418,0.43554814,1.020302089,1.585607982,2.306508062,-0.177856823,-0.041885011,0.155352116,0.394071674,,,,,,,,,,,,,,,,
228,US,CONN,19,100,8,20.17269685,20.04192697,20.31200707,20.70205273,3.583620266,3.663191707,3.796357391,3.911794804,1.980634434,2.155541813,2.913317309,4.395352641,0.025237268,0.189593858,0.652721555,1.339346298,,,,,,,,,,,,,,,,
229,US,UONN,19,100,8,0.92777877,0.921869924,0.995891423,1.115711108,3.871437458,3.85375149,4.026480622,4.42302189,0.311427268,0.534279034,1.245567292,2.567064328,1.299351293,1.312264268,1.334962434,1.366930881,,,,,,,,,,,,,,,,
230,US,SONNb,19,100,8,-0.024062419,0.157404073,0.33884603,0.578030181,2.037015404,1.186796679,0.882013146,0.773509586,0.426972806,0.878116458,1.760367287,2.888435278,0.301535559,0.427718558,0.685504408,1.010113516,,,,,,,,,,,,,,,,
231,US,CONNb,19,100,8,0.476475731,0.004125059,-0.225118233,-0.164758992,3.181964673,3.46150993,3.804870552,4.253749824,2.587102231,2.738727931,3.175246203,3.932624945,7.962741747,7.510103819,7.411062728,7.688598312,,,,,,,,,,,,,,,,
232,US,UONNb,19,100,8,0.26530557,0.143990881,0.266681125,0.590897223,2.448619934,1.643001145,1.416323447,1.449977625,2.338866151,2.284089822,2.689861426,3.344207484,0.059596865,0.492722417,1.026000038,1.669171416,,,,,,,,,,,,,,,,
233,US,CONN,16,140,8,2.277194551,1.878489774,1.790143621,1.901962667,4.902624712,4.952606584,5.093239411,5.257527571,8.570235418,7.994201605,7.084177348,6.581276192,-0.1922303,0.017230521,0.247974848,0.498580905,0.177666174,0.227167611,0.248767866,0.243462929,0.062257262,0.062049807,0.060327008,0.058087404,0.888203631,0.770345258,0.657645,0.569158978,0.127706405,0.123650096,0.121362036,0.104801819
234,US,CONNb,16,140,8,0.045785932,0.013545915,0.220464535,0.530585982,1.198081283,0.778519003,0.856910619,1.012314523,,,,,-0.07770945,0.017161273,0.438173539,0.972427897,0.72059544,0.684856821,0.629856895,0.573906133,0.308484735,0.375373335,0.36479766,0.332913404,0.737134056,0.724793917,0.606017,0.489133316,,,,
235,US,CONN,15,140,8,0.777204599,0.235542635,0.097890484,0.303376755,0.143961822,0.243683027,0.623227008,1.053235741,1.001878424,1.05778055,1.472267418,2.285463258,7.097396826,6.234109984,5.991144973,5.926080041,0.67259898,0.676327208,0.653125778,0.60517156,0.606901543,0.59308561,0.516539988,0.44130865,0.002148211,0.003697774,0.004392046,0.004696223,0.331301149,0.323231068,0.242505665,0.14681761
236,US,UONN,16,140,8,0.13675877,0.071990731,0.213073212,0.500536433,1.261849831,1.217485765,1.27416583,1.349091333,1.880545492,1.907003725,2.00607805,2.183268114,1.823181193,1.564201671,1.490891053,1.508737818,0.86149284,0.73267107,0.668913768,0.622816526,0.313553913,0.323250294,0.307941728,0.289227891,0.16992756,0.217519672,0.235691781,0.235598046,0.160794277,0.156987398,0.143443765,0.122272222
237,US,CONNb,15,140,8,4.227711344,4.436222804,4.66789029,4.959446084,0.23051551,0.379274751,0.702580148,1.021071041,1.313146157,1.341016094,1.673489504,2.227731738,0.097852817,0.067277652,0.448286881,1.099820601,0.044117086,0.042257436,0.03884782,0.035565912,0.609737164,0.517161153,0.416820956,0.345529328,0.716812767,0.711817683,0.599596062,0.461797086,0.195509848,0.209221015,0.179624528,0.146255726
238,US,UONN,15,140,8,0.118886783,-0.033539306,0.069836309,0.330528776,0.725521934,0.769615585,0.877523315,1.009836821,1.304842639,1.252961385,1.44721008,1.745511079,0.670883318,0.555241246,0.690008255,1.420000031,0.745350054,0.742251868,0.71022056,0.662094237,0.53602561,0.529984621,0.49654437,0.455011575,0.516146019,0.596569899,0.600816146,0.555756641,0.266250665,0.281055215,0.253304263,0.211361408
239,US,UONNb,16,140,8,0.115977565,0.124726738,0.277133375,0.443973625,0.576976549,0.520303109,0.756577169,0.933173686,0.566923008,0.611500506,1.150090699,2.009576159,-0.002554027,0.099457535,0.485679937,1.072092332,0.744786096,0.689234925,0.625715608,0.569830292,0.47796291,0.51302133,0.44887769,0.396291005,0.704192536,0.681382826,0.572843805,0.447029022,0.66248665,0.5387206,0.407384067,0.274526263
240,US,UONNb,15,140,8,0.115213774,-0.119213817,0.004321062,0.336387112,0.844251378,0.766917684,1.072029708,1.457745935,1.722054961,1.29116318,1.179014459,1.401470647,0.143041078,0.290095293,0.650953491,1.159570987,0.770330892,0.780083998,0.744441234,0.675978267,0.392201586,0.409716621,0.355085412,0.296345598,0.696098736,0.617521592,0.531962198,0.466073349,0.224669691,0.26021977,0.275235253,0.26159707
241,US,CONNb,17,140,8,1.019062387,1.076904247,1.145562268,1.221474984,0.446126457,0.548087131,1.012014094,1.564509857,2.76245611,3.393444551,4.513362247,5.695874121,0.647269218,0.818135944,1.244023749,1.78050284,0.404208128,0.39074963,0.373708905,0.354567273,0.480240934,0.474804206,0.386504666,0.307385195,0.495293623,0.446408242,0.345069581,0.251154293,0.298798607,0.257536896,0.222395772,0.143977382
242,US,CONN,17,140,8,0.277210331,0.15914205,0.389352707,0.801320604,0.711342945,0.634463906,0.829853711,1.103767895,26.65869682,26.07414508,26.05806865,26.22744207,0.04976968,0.176341283,0.540534587,1.1144965,0.826232374,0.818233891,0.773849403,0.701011052,0.4804132,0.511218494,0.486788019,0.436072209,0.754164301,0.768456967,0.686623852,0.558699635,0.023701037,0.021012462,0.018879689,0.017653786
243,US,UONN,17,140,8,0.131488154,-0.069449413,0.054126176,0.42418608,1.318569002,1.407972427,2.190254675,3.238015666,2.973909218,3.819198525,4.164862361,4.723469441,0.428857589,0.645556174,1.139474773,1.816137605,0.780019543,0.778764863,0.73805408,0.666098108,0.323964328,0.316193996,0.245266014,0.188851429,0.485744935,0.466299892,0.410900958,0.347392378,0.222871742,0.186482474,0.169482524,0.122359348
244,US,UONNb,17,140,8,65.80134062,44.19973043,34.59315387,30.7939612,0.504908504,0.444454423,0.948760995,1.468383424,2.3384745,2.363568629,2.784134786,3.421237729,0.432322726,0.558623837,0.756830591,0.909526785,5.10E-05,6.10E-05,7.02E-05,7.36E-05,0.537539966,0.53355679,0.431622726,0.350139876,0.690023347,0.607361673,0.518039345,0.467921808,0.115560797,0.115211991,0.097169573,0.076816092
245,US,CONN,18,140,8,1.179840534,1.234142386,1.347863007,1.487543848,1.166046287,1.189071695,1.259661297,1.313308956,1.306374486,1.431703196,2.042769756,3.240060131,-0.355591278,-0.066301233,0.249845826,0.584227901,0.376763263,0.363433841,0.342402246,0.320811519,0.358749949,0.334091749,0.307778705,0.290396346,0.854519912,0.731193838,0.621657723,0.538229987,0.26405193,0.255778514,0.203015392,0.12157651
246,US,CONNb,18,140,8,1.778421016,2.138819855,2.58376505,3.31017776,3.247389646,2.991451323,3.09669729,3.279295479,259.4889804,115.7033834,93.07900445,87.47232619,0.473320874,0.602977285,0.861428482,1.182422926,0.245608221,0.183958519,0.135814364,0.095097759,0.064925532,0.066464454,0.059087185,0.050718201,0.587735027,0.62980035,0.643432275,0.631281302,4.54E-05,4.54E-05,4.64E-05,4.87E-05
247,US,UONN,18,140,8,0.016216763,-0.181292811,-0.090505187,0.205154361,0.74609103,0.867258358,1.132817121,1.594528384,1.374280706,1.461648598,1.661164916,2.012405295,0.762916511,0.964831188,1.255361633,1.521322212,0.791049929,0.796205271,0.764138312,0.704412294,0.468505253,0.417635067,0.359495916,0.295652851,0.357833353,0.328776197,0.287540847,0.251056304,0.272852668,0.251871398,0.213003927,0.161427241
248,US,UONNb,18,140,8,0.152134782,-0.123107729,0.013557268,0.379639009,0.34130841,0.564625627,1.207196394,2.000838515,2.2263398,2.031455195,2.615378266,3.765059729,0.411111071,0.459453278,0.84128979,1.463179052,0.802625377,0.814441659,0.775687371,0.704410788,0.579522389,0.560168269,0.446663526,0.348959357,0.718812739,0.7020612,0.581762317,0.435169673,0.151051377,0.158749668,0.12086421,0.089277696
249,US,CONN,19,140,8,0.071603831,-0.123239948,0.067817075,0.294348741,1.409248975,1.837143394,2.637271159,3.12180506,3.37251796,3.13377484,2.500553322,2.55697409,1.429201419,1.41362084,1.585487238,1.879482955,0.854279534,0.768883454,0.691123687,0.629915133,0.360081532,0.316263482,0.270820462,0.258973301,0.233441819,0.235483692,0.210151911,0.177885936,0.15515313,0.150972825,0.151593004,0.164165989
250,US,CONNb,19,140,8,0.701954712,0.226570557,-0.000193304,0.086892282,1.765296069,1.698733546,1.730992818,1.880987485,0.950676467,1.299387744,2.38861798,5.257647142,0.300844126,0.364294844,0.636156752,1.181903681,0.849721916,0.806488,0.760104437,0.718614316,0.186868457,0.204333718,0.204220895,0.187894218,0.514455323,0.539457927,0.492662903,0.412741268,0.293743618,0.284200656,0.199716875,0.121710323
251,US,UONN,19,140,8,5.993346581,5.494554224,5.393823686,5.3910782,3.117324002,3.363551112,3.657125252,3.978173062,1.251813712,1.169759075,1.673877045,2.6695565,-0.059099333,-0.0462866,0.215549455,0.670711773,0.010778784,0.012295863,0.012586478,0.012481441,0.114178553,0.107354653,0.096678,0.087486623,0.730500183,0.761745002,0.707528618,0.626306553,0.262127105,0.307067188,0.317732813,0.273376587
252,US,UONNb,19,140,8,0.450255399,0.360178965,0.349360011,0.387904768,0.42099678,0.342443258,0.541056413,0.763530012,1.182033957,1.716867483,2.213779065,2.717893062,0.724263037,0.757162281,0.958162118,1.20214195,0.63908886,0.669258909,0.671648234,0.656846038,0.525128083,0.548425426,0.496448851,0.445754396,0.37619187,0.406056105,0.386018523,0.35236907,0.472299798,0.286460216,0.243183256,0.229474042
253,US,CONN,15,160,8,0.413878486,0.347190461,0.391554338,0.517197499,0.895411132,1.392138076,2.468097059,3.517786994,2.158424305,2.57168101,3.349381875,4.733880639,0.507895664,0.614746929,0.829984222,1.3245306,0.564560853,0.572763767,0.569903909,0.55883306,0.46150411,0.42651687,0.318627316,0.25850819,0.644678799,0.704410876,0.706471516,0.637200436,0.219085677,0.216395705,0.189290567,0.136175189
254,US,UONNb,15,160,8,42.23064521,39.98930815,36.94346468,39.66158617,6.951141103,10.93616701,15.81310426,16.23915104,2.374195397,3.430908489,4.58531998,5.303745313,0.042244629,0.217967484,0.733690539,1.444289292,0.000122424,0.000122506,0.000147438,0.000148759,0.238350432,0.167070195,0.136817986,0.11998962,0.724052931,0.701182433,0.570399097,0.424745913,0.243213123,0.209336977,0.17954862,0.122607712
255,US,CONNb,15,160,8,0.140272402,0.470554405,1.204864341,2.296568106,1.601041037,2.624149235,3.966574894,4.63081635,5.495853614,6.02717776,6.161195758,6.454316497,0.394604842,0.509743959,1.161853756,2.594418289,0.801980042,0.714667192,0.577593308,0.420487631,0.362024144,0.289308599,0.242966566,0.189666465,0.628346346,0.698694003,0.689409212,0.621099892,0.247084626,0.210533812,0.201283961,0.128142218
256,US,UONN,15,160,8,0.233585059,0.227241475,0.364231058,0.576354924,1.27484533,1.304727609,1.404397069,1.52514837,0.618874157,0.954256871,1.517787993,2.158681841,1.259411925,1.310707704,1.371077751,1.429882425,0.644551256,0.59999747,0.546019796,0.4908872,0.302748169,0.303654971,0.283821077,0.259376039,0.299643399,0.284158204,0.267907988,0.25336275,0.40481634,0.357832166,0.264986005,0.181499371
257,US,CONN,16,160,8,0.326928404,0.936847339,1.685894712,2.774148257,0.456613117,0.574560636,1.375799762,2.215827828,1.385384065,1.575172527,1.99178048,2.866658959,0.809335255,0.867775048,0.969887796,0.979433887,0.89445858,0.657518152,0.443295066,0.28151104,0.537370314,0.51846462,0.389065679,0.280240752,0.673350058,0.58291348,0.514843416,0.464452609,0.291390675,0.261624593,0.231169275,0.187296435
258,US,CONNb,16,160,8,3.959956692,4.776621948,5.972985443,8.122916612,0.287249495,0.290714486,0.594554866,1.014720186,10.10788706,11.53496647,8.208311154,6.224671094,0.566013823,0.674232094,0.844401738,1.02418751,0.071182917,0.047340181,0.027930718,0.014037184,0.669157936,0.653971133,0.550997138,0.440357304,0.493537579,0.476275714,0.428857201,0.378526287,0.205311644,0.185516149,0.161716246,0.118901532
259,US,UONN,16,160,8,-0.037243683,-0.271858532,-0.107196027,0.339169851,0.841235222,0.869487966,1.186927714,1.551832675,1.234281955,1.21393664,1.651303912,2.587935542,0.42196866,0.804799343,1.323520607,2.04271568,0.826813204,0.821390238,0.757532366,0.654667077,0.40390629,0.381298541,0.320358821,0.264421458,0.717504449,0.579588803,0.422697124,0.298217745,0.233197351,0.266484841,0.225594211,0.138213944
260,US,UONNb,16,160,8,0.05679117,-0.03999891,0.162748553,0.639526309,3.703448912,5.370872805,7.331456851,8.156779206,1.464860884,1.175547676,1.448023679,2.396865531,0.46362323,1.118992713,1.798603937,2.698319566,0.841205493,0.78934779,0.685499992,0.567763835,0.295131386,0.221012098,0.167685866,0.154213817,0.648026646,0.453345603,0.329493395,0.231833148,0.536547921,0.466621388,0.409363478,0.32378363
261,US,CONNb,17,160,8,0.125321881,0.311880505,0.488910547,0.660452277,0.428020513,0.596363485,1.047701948,1.55868888,3.99744468,3.445717646,2.99563155,2.955188669,1.246409534,2.211481138,4.319687687,5.868189819,0.75831218,0.640441226,0.550064717,0.472409945,0.629034247,0.626724416,0.547614286,0.459571318,0.547922788,0.453716555,0.351332999,0.266805835,0.169083735,0.157053794,0.120805008,0.084141289
262,US,CONN,17,160,8,0.088174565,-0.034989134,0.218132354,0.713652407,1.202563105,2.399652185,4.021493672,5.229585133,2.630738756,2.945346467,3.741816283,5.053528334,-0.284699989,0.161310032,0.571227464,0.914443205,0.803872453,0.770524756,0.686562482,0.58895451,0.567452314,0.462637603,0.366084138,0.257372719,0.829098176,0.66972883,0.521884425,0.417941437,0.112170869,0.103574524,0.081447154,0.061926229
263,US,UONN,17,160,8,0.817291479,0.243516072,0.261624253,0.540250415,10.1918649,8.61115835,7.966769872,7.740342333,2.998175862,3.730863072,4.17161202,4.093932201,0.635746362,0.76933243,1.081095377,1.311410939,0.785684403,0.739373378,0.668735175,0.569024422,0.023689279,0.029153799,0.032622164,0.034563266,0.432154967,0.476950362,0.444291982,0.382424964,0.293684946,0.235098825,0.207154094,0.173077947
264,US,UONNb,17,160,8,0.216150151,0.024973133,0.106218119,0.343498383,0.565351947,0.576236917,0.740279599,0.935939628,2.280178696,2.444948003,3.024968243,4.113970775,0.069934147,0.132845948,0.568080606,1.300370177,0.774567936,0.778977049,0.740910879,0.676590353,0.525941075,0.507053579,0.44216748,0.382933369,0.751490803,0.766310808,0.654509089,0.47392518,0.149107655,0.134917469,0.106403405,0.071985092
265,US,CONN,18,160,8,0.169223693,0.242903697,0.493222928,0.782393936,1.859322067,2.103971962,2.893508872,3.812096254,5.210858523,5.407190823,5.887868326,6.349055906,0.511775908,0.66192925,1.085189086,1.704856268,0.697904884,0.609886882,0.531517785,0.460376286,0.257705187,0.226655616,0.17631744,0.134575613,0.4869187,0.465742564,0.401451515,0.317707511,0.062626061,0.052161538,0.043410488,0.035308758
266,US,CONNb,18,160,8,5.058222323,5.14818052,5.298674051,5.479696132,0.775956477,0.861040459,1.438785327,2.176616358,0.648066008,1.096584906,1.894057892,3.046243128,0.171123323,0.613706537,1.230786752,2.053308963,0.033373476,0.032645181,0.032819871,0.032697651,0.376553738,0.377320935,0.318467953,0.257857254,0.698785051,0.551394434,0.4152771,0.295219992,0.356525728,0.329502601,0.266378489,0.170497555
267,US,UONN,18,160,8,0.942420798,0.08201128,-0.077949585,0.061238837,0.227132642,0.320898242,0.631883347,1.004896546,1.222842867,1.593683323,2.409694878,3.8859064,0.021483446,-0.011234915,0.475332044,1.39374046,0.967587269,0.852981522,0.777237139,0.685071978,0.649971941,0.630438935,0.551236808,0.471157991,0.702363138,0.766025446,0.660279056,0.47367557,0.236628292,0.230285912,0.194843692,0.119042113
268,US,UONNb,18,160,8,0.267304651,0.893266813,1.832439916,3.314165365,1.141479463,1.099891161,1.114038748,1.134817743,3.120202165,3.887823366,4.687877004,5.644364764,0.303463306,0.301860545,0.653631315,1.279699205,0.923046165,0.756518612,0.549499489,0.342168003,0.356111917,0.362531612,0.352510671,0.342546593,0.704966643,0.689829538,0.589554558,0.458137655,0.206203948,0.192545944,0.165655788,0.11744023
269,US,CONN,19,160,8,0.039007218,-0.144251091,0.097867812,0.794492787,0.822355427,1.38103879,2.542377937,3.765404679,0.062800168,0.333175466,0.762608443,1.394164725,0.144602729,0.281818377,0.507638569,0.780570492,0.852498102,0.844188609,0.752524368,0.568946718,0.530655251,0.368786984,0.222278988,0.15549573,0.611314409,0.585006072,0.530416458,0.475908612,0.654414908,0.544287154,0.459574185,0.367851611
270,US,CONNb,19,160,8,0.52639617,0.805200183,0.306574421,0.123519271,1.849982375,1.792614066,1.889812928,2.172972604,1.694160993,2.829305466,3.918301234,4.949676508,0.095379592,0.484208076,1.000082174,1.565967478,0.732406687,0.645357122,0.711370255,0.76455393,0.188370837,0.202573884,0.1925304,0.161327885,0.703110098,0.58744651,0.473515357,0.383229651,0.321491352,0.22230877,0.193014455,0.15162752
271,US,UONN,19,160,8,0.53536769,0.427228854,0.684162017,1.181429107,4.815070499,6.554440478,8.765682957,10.73704609,0.506387398,0.624080672,0.927316922,1.399540845,0.597780489,2.190573081,4.736135932,7.497803422,0.797127894,0.741880295,0.665590098,0.587667963,0.182399229,0.125640114,0.084401135,0.060931502,0.687055028,0.439857595,0.339422902,0.268004477,0.553993982,0.481474035,0.410432713,0.344579886
272,US,UONNb,19,160,8,0.132200796,-0.048038438,0.050840478,0.284816602,2.391635587,1.780828275,2.336900288,2.26651695,1.832222606,2.06286635,2.720052554,4.047253044,0.485407991,0.556265541,0.746531174,0.982509422,0.805202798,0.715514414,0.637750597,0.570551927,0.361664562,0.423776703,0.391244476,0.377745732,0.584723005,0.563197624,0.507547962,0.447262062,0.214786504,0.218180521,0.182662234,0.110863754
273,US,CONN,15,180,8,0.087492662,0.057917649,0.172082982,0.343702717,0.252774273,0.583253218,1.329586617,2.186960785,8.778428882,10.41541787,11.73683709,13.02275518,0.529610681,0.713676685,0.813346854,0.902543155,0.746392199,0.733775769,0.690005591,0.637967929,0.654220525,0.616345974,0.476798397,0.379020045,0.680024168,0.542611795,0.471737237,0.429137396,0.003198242,0.001550726,0.001001176,0.000732774
274,US,UONN,15,180,8,0.451465691,0.18340757,0.133943111,0.762700786,0.409349305,0.44837319,0.608494759,0.826186755,0.845633831,0.964573349,1.480757644,2.388539616,0.015133624,0.138569519,0.505875801,1.033215498,0.798710523,0.779494513,0.786431242,0.747834639,0.507752283,0.532759898,0.496789069,0.43792342,0.694698186,0.671689584,0.571688626,0.449667247,0.270334074,0.295920095,0.255246116,0.178563065
275,US,CONNb,15,180,8,0.90910209,1.241140855,0.817037558,1.022841909,0.646564738,1.599172213,3.166818064,4.466870279,3.397623583,4.638807406,5.829080042,6.968156076,0.284135679,0.533223708,0.699035832,0.89477589,0.840773331,0.653344082,0.681804681,0.704066385,0.688084714,0.52056723,0.329613625,0.246735166,0.861180288,0.656332589,0.541072557,0.463300371,0.203332675,0.179064982,0.166350068,0.138691566
276,US,UONNb,15,180,8,0.227228915,0.156449003,0.220270413,0.358895269,1.837333076,3.080904465,5.354149097,7.980998272,1.582907818,1.733480985,2.105645934,2.593376747,0.074519905,0.395564772,0.904491669,1.549573662,0.696935095,0.70267118,0.673560007,0.627351517,0.326368592,0.185511073,0.122172994,0.114980621,0.715842702,0.604096389,0.47704502,0.35884443,0.183414705,0.185108827,0.159650374,0.125904715
277,US,CONN,16,180,8,0.57087796,0.93477231,1.678168449,2.763007764,1.573034192,1.596383746,2.371011202,3.289098158,1.491643657,2.109052786,2.938216248,4.244291973,-0.105568944,0.260356352,0.629803566,1.111598133,0.902104529,0.698476387,0.494855247,0.330689163,0.380385911,0.35333677,0.254541516,0.166213923,0.843553103,0.704294158,0.597945979,0.507096692,0.269492645,0.249803959,0.19055947,0.105639152
278,US,CONNb,16,180,8,0.317625517,0.030129032,0.148275066,0.817827492,0.50036096,0.603012241,0.962616042,1.505926306,1.859141302,1.779111279,1.799418639,1.865500012,0.108410982,0.096739585,0.319381076,0.792918694,0.843041868,0.765139736,0.707365075,0.544929366,0.53402251,0.520155616,0.460004593,0.386564944,0.68559172,0.683777349,0.614288017,0.516247528,0.173788981,0.184588382,0.178921373,0.166308266
279,US,UONNb,16,180,8,1.590161582,1.873544255,2.391974041,3.129787737,5.919453821,9.310742236,11.74761915,12.4939664,0.731158257,0.822829299,1.390492322,2.661153483,1.20676571,1.27243531,1.384519637,1.511319132,0.316837148,0.303377257,0.264809026,0.212640253,0.275342577,0.21445448,0.18121314,0.158127514,0.315863039,0.296384514,0.267406063,0.23883185,0.397531297,0.362336074,0.281122595,0.177094139
280,US,UONN,16,180,8,1.139639706,0.963392987,0.892381974,0.869663524,1.660771524,2.320940847,3.401976633,4.413470012,1.456645856,1.672642768,2.060976044,2.370230352,-0.105100479,0.170366584,0.766784694,1.684217794,0.384898199,0.409012722,0.419198047,0.418378112,0.324575693,0.302936978,0.254175201,0.238052056,0.74090001,0.674369892,0.530183295,0.385749009,0.230342689,0.239243471,0.19962011,0.152172105
281,US,CONN,17,180,8,0.056597271,-0.124871728,-0.120696872,0.027969351,0.409474054,0.799702276,1.644605047,2.408239573,0.55743654,0.442552864,0.5228473,0.815386458,0.371889597,0.423513141,0.644542182,1.140764212,0.916228032,0.769532179,0.714756025,0.6873308,0.526015623,0.480888601,0.354199668,0.271248811,0.667725603,0.737779217,0.731910102,0.679326705,0.495132423,0.464356429,0.441138681,0.417691486
282,US,CONNb,17,180,8,0.171599433,0.839085832,1.928958633,3.565215434,2.246205694,2.453899646,3.193104875,3.964728969,0.794381966,1.025554212,1.553871627,2.382247333,0.405792777,0.535316013,0.684768241,0.783642685,0.907288787,0.776249562,0.605889811,0.427619601,0.379039913,0.314850108,0.297484252,0.239253354,0.848485736,0.727806006,0.602146948,0.51888969,0.402485834,0.334635539,0.224587308,0.136419706
283,US,UONNb,17,180,8,0.214617401,0.195912482,0.390929755,0.771478113,0.342618022,0.46579676,0.692571144,0.991574604,1.488934993,2.286437614,3.194010586,4.551697472,-0.316285529,0.063561249,0.374370212,0.66301818,0.768828363,0.7376933,0.690197481,0.620145348,0.573340886,0.541981812,0.487268036,0.428903675,0.850606899,0.710561422,0.595788981,0.516886498,0.253774819,0.224839148,0.192197386,0.1293277
284,US,UONN,17,180,8,0.110952449,0.020563766,0.13165962,0.37736719,0.900244236,1.527753546,2.975555291,3.984442844,1.432218415,1.477894763,1.626764263,1.940987395,-0.062076762,0.135547697,0.431739902,0.878239677,0.720412717,0.726825127,0.698964015,0.649070406,0.461972117,0.352657108,0.258099155,0.206196542,0.798029234,0.72995128,0.62193375,0.50698768,0.270405651,0.252515101,0.216131174,0.169156909
285,US,CONN,18,180,8,0.124868732,-0.040759758,0.07290813,0.318272235,1.813465943,2.392569493,3.496947541,4.14091462,0.388855038,0.760593918,1.112306017,1.445036907,-0.063334113,0.139808387,0.45759305,0.92232469,0.696467794,0.715685312,0.69149429,0.641836158,0.318996692,0.260904899,0.212145078,0.186587586,0.739620152,0.644398787,0.57240553,0.520177615,0.55419613,0.421656138,0.320763744,0.245421954
286,US,CONNb,18,180,8,0.625508531,1.242097069,2.080973283,3.535130576,0.122706293,0.192660441,0.56241888,0.986801827,1.360832581,1.795000877,2.600284424,4.185339873,0.134381522,0.483174819,1.017814152,1.698143249,0.86950978,0.668552444,0.45257059,0.298900123,0.638024598,0.636485136,0.54582504,0.449431472,0.728416463,0.734651586,0.688091311,0.589198388,0.281423616,0.269159916,0.219299148,0.127244735
287,US,UONNb,18,180,8,0.630107897,0.272892778,0.020433271,0.058394401,0.714567446,0.910838845,1.568628422,2.150951563,,,,,0.36803571,0.411130969,0.630047818,0.9390841,0.777190144,0.765018124,0.759555588,0.739466613,0.483433923,0.440631718,0.355153756,0.296056066,0.621696184,0.605737013,0.532238239,0.446839443,,,,
288,US,UONN,18,180,8,0.056947009,-0.140907994,-0.043095542,0.153107662,0.432717132,0.428773095,0.959920561,1.601387278,0.707022687,0.820577569,1.365705526,2.352134382,1.002877568,0.936940694,0.957662673,1.018680224,0.898711825,0.788512093,0.734748144,0.69249892,0.509975998,0.526733916,0.43762554,0.345795549,0.406659862,0.429202124,0.42110386,0.399797753,0.354283029,0.342233018,0.262025584,0.163855261
289,US,CONN,19,180,8,0.280658074,0.018783036,0.208516737,0.788423119,3.235238284,1.864806097,1.596299715,1.534812323,1.334070767,1.60989888,2.412818673,3.85966899,0.139230141,0.259085352,0.614482675,1.05662119,0.671084226,0.699526855,0.675803863,0.627240797,0.289498285,0.256118502,0.226265229,0.220736931,0.656241764,0.627800151,0.536837341,0.444056537,0.231618239,0.22473379,0.16722719,0.105767698
290,US,CONNb,19,180,8,170.9138304,171.8364031,172.7346282,173.404742,0.044753966,0.032133244,0.555534976,1.244193487,13.28801538,10.84449002,9.918698367,9.589981101,-0.001462103,0.297315003,0.509366297,0.694613005,4.54E-05,4.54E-05,4.54E-05,4.54E-05,0.630287926,0.661362998,0.555310292,0.438829888,0.811320026,0.643607737,0.540344992,0.471570216,0.006549401,0.009818445,0.011606814,0.012306134
291,US,UONN,19,180,8,0.357383036,0.683066966,1.078587223,1.732065041,0.661945535,0.584428765,0.773853233,1.039806008,0.979926411,1.044768598,1.316213438,1.778907948,0.385932295,0.369028674,0.615280314,1.004258769,0.859229741,0.710842416,0.562696152,0.432667777,0.546634991,0.513414331,0.421349238,0.331888785,0.651427462,0.645370995,0.555860109,0.446408106,0.360272594,0.340280168,0.275110086,0.193174294
292,US,UONNb,19,180,8,0.053935573,-0.057705846,0.136612135,0.588895126,3.330102593,4.232007062,4.276333059,3.972682998,0.417137975,0.77150879,1.187478883,1.660587117,-0.14284377,0.049896028,0.364342504,0.789740787,0.818082574,0.791453124,0.71478922,0.599101078,0.25050133,0.187053696,0.159073067,0.163112831,0.80691176,0.744306683,0.630578207,0.506385738,0.53015218,0.410765203,0.297302469,0.201276871
293,US,UONN,15,200,8,0.273098045,0.578128473,1.146132592,2.328782737,1.588141062,1.68073708,1.783099617,1.889920882,2.469308513,2.463553806,2.647456844,2.979106273,0.302832572,0.402678814,0.650582474,0.951149166,0.886007791,0.796836641,0.636443816,0.439839173,0.257248245,0.240385,0.222237235,0.204311644,0.640493804,0.577612887,0.495695687,0.422970751,0.149765006,0.145606293,0.128464859,0.105619673
294,US,CONN,15,200,8,1.521284785,0.943900003,1.103147529,1.538615689,0.586637775,0.803558286,1.235782966,1.732712188,1.310825418,0.663179192,0.682949421,1.175898497,0.492266076,0.824256431,1.09483062,1.317209153,0.869813065,0.795603168,0.68461236,0.612021673,0.617803931,0.618808278,0.539857128,0.446039726,0.569663785,0.42857686,0.338107348,0.277610781,0.677855341,0.533162115,0.432181269,0.355756885
295,US,CONNb,15,200,8,-0.067039301,-0.114541153,0.063159593,0.375327778,1.311665867,1.586820586,1.904554057,2.242225363,0.567677529,0.870936391,1.54932643,3.076985945,0.228351027,0.275888913,0.519743247,0.868347851,0.818253598,0.727214075,0.646981764,0.582714845,0.332824106,0.270949744,0.212968184,0.164827653,0.656507579,0.637888152,0.560099615,0.477357814,0.372892882,0.371761334,0.306888728,0.170526911
296,US,UONNb,15,200,8,0.061783405,0.089197876,0.116782943,0.401985057,1.280538253,1.101540284,1.403115726,1.565983627,1.645111585,2.049288281,2.870761463,4.099944296,0.300954841,0.188499676,0.376189143,0.747078144,0.843060878,0.749030971,0.7193184,0.680499907,0.357417898,0.366614543,0.307636456,0.248169392,0.667222418,0.663069378,0.588071853,0.501044359,0.263174227,0.22620521,0.164804891,0.101050166
297,US,CONN,16,200,8,2.052299863,1.387782742,1.54143769,2.468927034,0.136014226,0.355839166,1.45359367,2.468697935,1.482754117,1.766301029,2.18289674,2.708381311,0.216343828,0.439410411,0.95514803,1.850054699,0.924123735,0.778061412,0.643785009,0.537075133,0.598235939,0.572194007,0.417232327,0.298918014,0.769486095,0.62271273,0.480625733,0.342001242,0.292982657,0.287163919,0.235289519,0.146510666
298,US,CONNb,16,200,8,0.482370415,0.72288204,0.249496338,0.183383349,-0.032335005,0.170761953,0.547327115,0.922130044,-0.012075758,0.304291691,1.15626952,2.723582376,1.186142522,2.486133537,4.668415917,7.355282908,0.846962194,0.702391082,0.733971119,0.761115664,0.681627547,0.588836596,0.491294316,0.4218246,0.630241469,0.463668661,0.365124495,0.247609491,0.70465833,0.59477316,0.440585713,0.250683269
299,US,UONNb,16,200,8,0.493268087,0.249743519,0.454270975,0.796908774,0.973548727,2.510339945,4.834032672,6.136261047,1.613230284,1.745519065,2.408941965,3.731033931,0.183394657,0.236375198,0.822845786,1.886357236,0.722234193,0.685218476,0.616943596,0.523956883,0.496831131,0.339607165,0.24970422,0.151809735,0.699720214,0.671147953,0.526678056,0.355831083,0.452285811,0.29624932,0.228372908,0.198762479
300,US,UONN,16,200,8,0.193283138,0.169168758,0.366284944,0.702734875,,,,,1.779727465,1.999307209,2.762561006,4.234178626,0.209889838,0.56619237,0.988834358,1.600291972,0.753904416,0.752460817,0.714578932,0.661142505,,,,,0.74422697,0.582855573,0.450062577,0.331852071,0.224800723,0.22606344,0.181504204,0.108317102
301,US,CONN,17,200,8,1.066565494,2.365928046,2.285095324,1.979929727,7.141317181,9.574345218,12.31053842,13.48448036,0.68157204,0.953893287,1.802319122,3.306620151,69.244607,73.99450585,78.99183056,83.19429072,0.820414728,0.568502414,0.525912563,0.486997076,0.186697622,0.129728541,0.08684273,0.069907382,5.93E-05,5.79E-05,6.23E-05,7.00E-05,0.387995828,0.338596918,0.254174596,0.146285298
302,US,CONNb,17,200,8,0.441511239,0.424793887,0.954652509,1.605820114,0.741210661,0.752867265,0.947359292,1.253946306,0.864572189,0.82583313,1.313237602,2.204637042,0.189617462,0.301447101,0.749842873,1.487627064,0.839901992,0.757125266,0.566905251,0.437336572,0.612263772,0.60679305,0.535106564,0.444433722,0.70523514,0.739494058,0.698464983,0.575826299,0.353644713,0.379187464,0.304378017,0.196878879
303,US,UONN,17,200,8,0.621644437,0.061043393,0.061709542,0.206690314,0.1950757,0.367243032,0.729696379,1.153130907,1.08058973,1.187561088,1.567053229,2.341086903,-0.084918404,0.380307733,0.747566015,1.157782309,0.964374896,0.807223291,0.71145665,0.661006827,0.659901632,0.643261976,0.568311695,0.467563696,0.869933819,0.707583534,0.603976071,0.54548796,0.384056132,0.367648113,0.301020039,0.201702849
304,US,UONNb,17,200,8,0.608849765,0.606624393,0.697155358,0.818845827,3.594954108,5.861253554,10.26515044,15.10347056,0.828158406,1.335318553,2.108792024,3.428095822,0.179122049,0.252541238,0.564321708,1.023605132,0.540752538,0.542778525,0.508261719,0.463710656,0.248084021,0.135624351,0.080865386,0.054938385,0.706705236,0.689350407,0.578398931,0.450835038,0.330485109,0.304128066,0.244235725,0.144705936
305,US,CONN,18,200,8,0.435767281,0.351652212,0.122194911,0.122968068,0.504357392,0.386795676,0.53974063,0.882562623,0.058164902,0.523453919,1.075545344,1.656022115,-0.06194593,-0.065755134,0.397757499,1.175708648,0.818095101,0.771264007,0.773943947,0.766257154,0.495865072,0.554811303,0.533375798,0.469508936,0.763186643,0.750860417,0.611563291,0.44862107,0.67365205,0.505102155,0.361784036,0.255035603
306,US,UONN,18,200,8,0.01830304,-0.098807393,0.0056464,0.259634508,0.828698737,1.19852317,2.227817917,3.248459558,0.781904293,1.03388159,1.724005705,2.971012558,0.365204785,0.429645508,0.720920978,1.062937029,0.766795728,0.78432958,0.757186091,0.702745222,0.448353222,0.364980223,0.258349063,0.182775605,0.621170636,0.609669074,0.512410489,0.408306362,0.32507683,0.287048426,0.200484142,0.13098266
307,US,CONNb,18,200,8,0.067840669,0.2763504,0.765798142,1.523490056,7.040265542,9.173695509,12.58715384,13.07853522,4.367394843,6.168687293,5.957372597,6.353712267,-0.387135836,0.125202324,0.438363746,0.651484664,0.874023471,0.79424896,0.674054627,0.545941107,0.268777695,0.232198444,0.166280625,0.157193704,0.906010806,0.73310318,0.624338918,0.539005749,0.278571846,0.210179684,0.142118893,0.111266781
308,US,UONNb,18,200,8,1.072233643,0.859216371,0.493616472,0.55355165,4.565516221,7.301150907,9.279728779,9.678635976,0.815545697,0.874138347,1.195794267,1.878050559,0.162015927,0.30945716,0.816581994,1.676623714,0.761599642,0.700929827,0.698736761,0.683382615,0.278448496,0.200270272,0.142850011,0.134452987,0.703738998,0.754864309,0.745921616,0.663040549,0.440249176,0.423757596,0.345331039,0.226419971
309,US,CONNb,19,200,8,-0.081691043,0.530004452,1.307490736,2.264571994,7.485681436,11.4921833,14.30371591,11.83910982,1.449110318,1.357368112,1.683078123,2.21204995,-0.098334779,0.086749867,0.707673946,1.693212397,0.908539794,0.789112559,0.620500601,0.483630778,0.246524165,0.188504705,0.148432386,0.137312965,0.793030728,0.757688892,0.596041371,0.408046904,0.247745673,0.240298465,0.189198204,0.135226362
310,US,CONN,19,200,8,0.130860034,-0.01999371,0.070229625,0.351451523,3.283213012,4.860595262,6.936296111,7.68354034,1.095418848,1.77846142,3.535853893,6.461730194,0.013230403,0.030244658,0.543402978,1.365717991,0.780549265,0.776450124,0.731766632,0.655038751,0.270530891,0.235252768,0.204772226,0.177629283,0.735327342,0.725068227,0.564338154,0.401670439,0.329267977,0.27497947,0.192562956,0.124662151
311,US,UONN,19,200,8,0.153294153,0.060652549,0.365372185,0.868683163,2.459689207,1.648329768,1.661178254,1.807634498,1.114731806,1.208924678,1.596853013,2.369290272,0.115830825,0.270472604,0.489671747,0.935140803,0.837847211,0.814047199,0.723212302,0.577789671,0.103724123,0.218748392,0.226435961,0.206190393,0.707869112,0.711220898,0.671847863,0.570283765,0.316580634,0.293564616,0.223087764,0.139080054
312,US,UONNb,19,200,8,0.606655658,-0.018581257,0.028065541,0.410628295,1.234840903,0.997758909,0.966892134,1.02556412,3.109553542,2.64011373,2.448535552,2.582916349,0.224856709,0.356286995,0.717303017,1.230911856,0.805244969,0.773546187,0.711829867,0.607893485,0.542928228,0.537050394,0.502345652,0.463572997,0.683684965,0.643253253,0.523278565,0.392488903,0.14153427,0.141668324,0.13319756,0.126385822
313,US,CONN,15,220,8,0.436298306,0.605578124,0.841016876,1.008232694,4.559077575,3.552468612,3.858488597,3.741464456,0.340929327,0.582573497,1.358355552,2.884017047,0.497461724,0.665288017,1.324712441,2.211540527,0.671488192,0.566249797,0.459542961,0.395845768,0.350863367,0.282964826,0.207947532,0.172258748,0.727200287,0.593454058,0.403433681,0.251276283,0.503563705,0.438503512,0.305831771,0.15650916
314,US,CONNb,15,220,8,0.646887873,0.701320644,0.825659443,0.969701503,0.080025185,0.907848188,2.676790028,4.177873659,1.260278921,1.821871122,2.616520341,4.380941787,0.038391818,0.202657621,0.623378906,1.250263705,0.528895237,0.485697739,0.428468509,0.374884113,0.683272922,0.544279207,0.327559114,0.266573768,0.732022353,0.698410617,0.582311933,0.449609759,0.28621542,0.266213156,0.223208332,0.142888481
315,US,UONNb,15,220,8,0.086429108,0.025767308,0.142603135,0.383174286,4.525135229,2.8117283,2.769767991,2.919822194,3.030406709,3.036040094,3.188086606,3.517694868,0.284988678,0.484676056,1.481658569,2.94227352,0.7624275,0.768494206,0.732980337,0.664160647,0.304119654,0.254079134,0.207216507,0.177771762,0.701395921,0.751504135,0.738271316,0.618130265,0.16707814,0.145033344,0.10672245,0.073514224
316,US,UONN,15,220,8,0.10895529,0.11641438,0.337915837,0.704833168,0.040730265,0.262444857,1.003320062,1.511286128,2.868805062,2.777769938,3.004153463,3.5146645,0.527018132,1.346317907,1.906055623,2.429400017,0.705938396,0.697154659,0.661482044,0.604424642,0.658019254,0.613240523,0.423117431,0.344386428,0.627119998,0.430734613,0.341273901,0.260351557,0.074818672,0.076407065,0.066329849,0.048936274
317,US,CONNb,16,220,8,0.401172288,0.587262946,0.834657566,1.10470352,0.53613486,0.978523992,1.890322632,2.835675331,0.762894609,1.067187932,1.806690984,2.727825752,0.823903674,2.130813252,2.98464723,4.207862906,0.621011844,0.530749711,0.460576408,0.400956671,0.563055468,0.481783013,0.343856034,0.244283354,0.753761094,0.535393314,0.371593796,0.230364562,0.328259377,0.295683962,0.210290635,0.140453067
318,US,CONN,16,220,8,0.503482315,-0.125260227,-0.041681527,0.794698582,5.928742946,5.846786233,7.616632233,9.481018938,12.07951999,12.64692537,9.517023163,7.306773229,-0.08533658,0.270301536,0.977351574,2.553677893,0.840925164,0.835811194,0.759807237,0.598182858,0.185001203,0.126046826,0.084844445,0.058861306,0.811895303,0.817730758,0.750170206,0.60198232,0.21924689,0.200225953,0.16485469,0.128780494
319,US,UONN,16,220,8,1.020653063,0.934123048,1.389190901,2.315022491,0.567036726,0.889070263,1.381191205,1.579898607,1.232988793,1.289237337,1.686423275,2.432057768,0.722291412,1.708376078,3.04488058,4.503768299,0.880906204,0.779505765,0.598785582,0.444146552,0.473163339,0.440622057,0.357695056,0.321010164,0.545202958,0.368865022,0.288389947,0.202715676,0.303190923,0.287614099,0.217812433,0.131611711
320,US,CONN,17,220,8,0.108409487,0.020210478,0.102375245,0.299841177,0.299052594,0.341473158,0.832056197,1.417209601,1.248509181,1.207738485,1.586062981,2.57803121,0.868660832,2.500638678,6.244055841,10.51581988,0.735304944,0.739615962,0.710463901,0.665528592,0.571138213,0.537815686,0.424698974,0.334170868,0.64246463,0.392474795,0.271412198,0.150141673,0.282375074,0.293911921,0.250794641,0.157677459
321,US,UONNb,16,220,8,-0.231513273,-0.267501717,0.053455424,0.498811263,5.401188711,6.992893848,8.980554547,10.05035506,0.712276119,1.219702795,2.154880681,3.910284169,1.643708043,1.076466546,1.375681811,1.936250163,0.869552654,0.831186,0.77207978,0.697248851,0.252192362,0.192772585,0.142512754,0.145858891,0.692526755,0.638814297,0.558854042,0.497730915,0.335921936,0.302937063,0.233443978,0.118547343
322,US,CONNb,17,220,8,0.951958848,1.018396065,1.096972378,1.154563326,0.359411936,0.291432962,0.660489337,1.138257459,1.47055165,2.196710252,2.997571017,3.912468272,0.151532287,0.252940216,0.69537417,1.407206211,0.417887557,0.382981146,0.352107753,0.330757793,0.536169883,0.547104229,0.46747164,0.38479349,0.692206666,0.688020802,0.568565642,0.407373452,0.266470381,0.207351596,0.172749923,0.122063916
323,US,UONN,17,220,8,0.138357655,0.045068982,0.096658902,0.224579838,0.410743817,0.573807577,0.815780204,1.053813186,1.182402868,1.674060235,3.116230509,6.342179777,0.082171861,0.268842803,0.868817226,1.88897138,0.746954125,0.753189381,0.722766566,0.678579901,0.491286131,0.500766401,0.450538075,0.390656613,0.667516113,0.663092883,0.542279848,0.373080913,0.304259235,0.276376262,0.191908451,0.11855521
324,US,UONNb,17,220,8,0.673595557,0.461335278,0.635973848,1.088122725,2.339675541,4.926007834,7.785572393,8.672202488,1.107566294,1.494701031,2.334162398,4.017575554,-0.081095613,0.08047383,0.624184811,1.397995474,0.843360154,0.712810608,0.625738158,0.531031672,0.318304037,0.266827929,0.18739893,0.15018397,0.767446248,0.727732807,0.584801046,0.440549328,0.294204254,0.285057759,0.238722135,0.134016248
325,US,CONN,18,220,8,0.00798024,-0.183274858,-0.061226209,0.233613742,1.290676756,1.889352473,2.538767442,2.753518392,0.343619201,0.881633121,1.475415644,2.042715126,0.147267074,0.46500215,0.490500609,0.499998435,0.829137857,0.810545636,0.756373464,0.679368175,0.731693087,0.512080012,0.428174069,0.312953414,0.683765961,0.619004116,0.55311003,0.499841588,0.619055314,0.38779861,0.255613469,0.236866834
326,US,CONNb,18,220,8,0.160250168,-0.042189534,0.091985914,0.367505394,0.472502742,0.627725048,1.050746063,1.517530472,1.67758603,1.747947524,2.069542725,2.555220274,0.17258425,0.37376309,0.791378017,1.36702531,0.737642614,0.743305388,0.695798147,0.623795463,0.737606241,0.689756732,0.557009923,0.43929375,0.680960083,0.653686831,0.551695507,0.435259235,0.172140469,0.173714213,0.151968272,0.119980637
327,US,UONN,18,220,8,0.116583456,0.079266563,0.26453482,0.502185375,1.067571668,2.030964097,4.064203833,5.261011661,0.581159231,0.760760222,1.339658694,2.332230371,1.129900495,4.388155987,11.12089633,16.90418355,0.756162318,0.699046428,0.63016854,0.57191698,0.450731537,0.356583605,0.259150011,0.184445803,0.574127859,0.380275982,0.329229412,0.257820621,0.381357221,0.385601446,0.328183305,0.215740235
328,US,UONNb,18,220,8,-0.023680027,-0.260636127,-0.158928056,0.113531855,0.547042785,0.538120971,0.618504583,0.77819402,0.831418055,0.749635092,0.979619853,1.43068877,,,,,0.79921705,0.799923785,0.766853214,0.70481681,0.523609358,0.528777454,0.508827467,0.470002519,,,,,0.41829487,0.430929873,0.357367081,0.261292631
329,US,CONN,19,220,8,1.245864842,1.091161863,1.014869287,0.941563649,0.639018275,1.367090948,2.88207834,3.958320303,1.985777768,2.695442233,3.763148841,5.060868745,0.831192317,0.818644553,0.961213208,1.103572359,0.829134097,0.726846537,0.657235984,0.630944319,0.528359453,0.440611626,0.309472403,0.267039617,0.658214832,0.556020223,0.506541711,0.478371284,0.262377331,0.218840126,0.198162571,0.148169817
330,US,UONN,19,220,8,1.358562729,1.360751203,1.368321801,1.37829062,2.305586635,1.096172629,0.925084278,0.727741264,0.892155797,1.279098574,2.042481211,3.012279139,-0.137776211,0.396760074,1.162703261,2.194503682,0.309641482,0.310260897,0.308858898,0.306718447,0.323874381,0.405486574,0.401057624,0.410383937,0.818223799,0.649125937,0.437818993,0.272749727,0.30619048,0.275886466,0.226266062,0.15689205
331,US,CONNb,19,220,8,0.131351641,-0.141758713,-0.050148664,0.486648622,0.161863934,0.279347067,0.932854087,1.753829461,1.402610412,2.268066873,5.399010254,11.1697098,0.559908953,0.729471909,0.745082299,0.780711075,0.807559212,0.806070756,0.748988469,0.620963842,0.612583927,0.608284877,0.482761593,0.357255375,0.761774579,0.707881215,0.706338143,0.672038432,0.287112002,0.251344182,0.152145625,0.102044965
332,US,UONNb,19,220,8,0.047349268,-0.065327238,0.227584681,0.706810357,-0.091042825,0.376981665,1.270949919,2.112222216,0.823942887,1.072519713,1.674037197,2.725031562,0.221242681,0.220861327,0.495192806,1.127269132,0.832799153,0.793746681,0.734938201,0.651755362,0.795118267,0.682552133,0.470494076,0.35537731,0.714014867,0.776196171,0.760135808,0.644782419,0.324083368,0.317999671,0.260770315,0.163325051
333,US,CONNb,15,240,8,0.310507693,0.312528241,0.402059686,0.531071423,1.172191298,1.913043571,3.325851364,4.907194394,1.169624788,0.748360951,0.846788546,1.459475469,-0.031891643,0.332567217,1.152086667,2.31055226,0.665703066,0.621184955,0.56485826,0.512603094,0.509822411,0.462727438,0.341928193,0.250994125,0.837652679,0.684872743,0.504301929,0.336342205,0.521559598,0.44514453,0.393716011,0.348014152
334,US,CONN,15,240,8,0.308599567,0.622927369,1.132305309,1.5128174,2.159316776,3.230641538,5.126590921,5.758063259,0.89480632,0.762005203,0.950292029,1.278426366,0.689086672,1.178471654,1.750258885,2.411534601,0.773338344,0.654063075,0.546188816,0.464606042,0.308332606,0.281636929,0.223285237,0.205587492,0.630745304,0.52017367,0.428709911,0.364583311,0.420727726,0.427275437,0.385179533,0.341796181
335,US,UONN,15,240,8,1.301694215,1.657101562,2.131024001,3.130067769,0.961204672,1.657043612,2.852955232,4.10842477,0.950961419,1.398080912,2.129021051,3.155603388,1.942864558,1.346342228,1.24110823,1.147442489,0.883876513,0.677002457,0.479438424,0.337114816,0.45434996,0.276218625,0.154078471,0.093454669,0.609767946,0.525676532,0.463158653,0.442572074,0.321604047,0.269612727,0.220277016,0.147155647
336,US,UONNb,15,240,8,1.746769939,3.671582134,3.294640096,2.813074423,0.323484618,0.803543719,1.509225935,1.929519585,1.135985895,1.307216386,1.656289462,2.156007604,1.073978926,1.209302168,1.387559875,1.574693837,0.834039464,0.514769479,0.472328275,0.432221391,0.742391122,0.562202515,0.426948024,0.357520336,0.369385366,0.326958163,0.278752746,0.236444505,0.317308746,0.27846929,0.211787892,0.144291296
337,US,CONN,16,240,8,-0.436477353,-0.230728015,-0.044428268,0.368844448,9.410366358,14.41312616,20.6174746,22.15820316,1.43303495,2.318311598,3.398706886,5.697494702,0.113007903,0.187450874,0.503891058,1.168786315,0.977493941,0.858413062,0.773398352,0.640493591,0.165038626,0.108908587,0.09710196,0.077437131,0.74895311,0.762697048,0.704672588,0.585266921,0.423130036,0.288907953,0.180947243,0.108580865
338,US,CONNb,16,240,8,0.181271361,-0.189590435,-0.041761562,0.355327193,5.430517957,5.704789004,8.153270141,9.714050269,1.268536668,0.994306729,1.044638474,1.090019268,,,,,0.860370986,0.843509386,0.777729349,0.675576788,0.251596193,0.181181726,0.132403818,0.10759697,,,,,0.585046031,0.508396044,0.445261182,0.401172103
339,US,UONNb,16,240,8,0.049123674,-0.238212274,-0.103861277,0.38825904,,,,,1.478243369,1.702261635,1.845358913,2.118566663,,,,,0.771644894,0.785838884,0.755018484,0.690216455,,,,,,,,,0.438710178,0.312269139,0.250328065,0.230902684
340,US,UONN,16,240,8,0.212231573,0.160251073,0.220561512,0.341033817,10.75326435,14.90065044,15.6226806,12.50450435,,,,,,,,,0.720057254,0.709171753,0.66859497,0.618058672,0.238523671,0.20472365,0.165138152,0.136707575,,,,,,,,
341,US,CONN,17,240,8,-0.53660785,-0.253299044,0.019874269,0.225097651,,,,,,,,,,,,,0.902214806,0.831072692,0.741695036,0.660236832,,,,,,,,,,,,
